{
    "Assets/Data/Contributors.list": "d002f2cee7345fb5381ae5d353fcdddc",
    "Assets/Data/LanguagesReference.json": "702d013faa85390f90de3a9e173e5f0a",
    "Assets/Data/TranslatedPercentages.json": "ba3d65f4b1bce6c5510fab73fa997e43",
    "Assets/Data/Translators.json": "d4d9729cd12e7255fa1bb949c0863e65",
    "Assets/Images/admin_color.png": "05f628bd366d291797ac0a00bbd7b6c0",
    "Assets/Images/agreement.png": "20ce4c9f54eb9640f3f0a47ac8208b46",
    "Assets/Images/alert_laptop.png": "c71920c5bf9947dc562d5be1aa04cb8b",
    "Assets/Images/cancel.png": "3425807563b21863141b8525bbfc78e5",
    "Assets/Images/cargo_color.png": "25f5281a65399014983aa76151276d06",
    "Assets/Images/checked_laptop.png": "69d140704ed83331e64fa89eaec3a2da",
    "Assets/Images/choco_color.png": "ffbb306209fb72102bc2105bc2a9046d",
    "Assets/Images/coffee.png": "a909ccb33c40b5dbed08ef9ba0e297fe",
    "Assets/Images/console_color.png": "1b901c9b0c5b2ea26af6c57354226f46",
    "Assets/Images/desktop_download.png": "cec369e017cafe4b0361761c4f4dd9d4",
    "Assets/Images/dotnet_color.png": "ec8757210d422ac0ddbf004046d8c0a0",
    "Assets/Images/finish.png": "c06efd6c72450b2d41c5347bc4f401e2",
    "Assets/Images/github.png": "72491890a25c7a5ef3a433298fbed0ba",
    "Assets/Images/hacker.png": "afebb3c294769b78d0c5feef3f9e4414",
    "Assets/Images/icon.ico": "e42c72ea3d06a124cb6dd1d6576d9c40",
    "Assets/Images/icon.png": "64aff69d9a4b4a7e168f7430bb0c7c58",
    "Assets/Images/icon_unsquare.png": "2fd3730d45ad80cd74963ce7e080722e",
    "Assets/Images/infocolor.png": "77d284780ea5a8debc57b3855f5ad2e4",
    "Assets/Images/kofi.png": "790a004a35132586117fd1a45a3dfa73",
    "Assets/Images/node_color.png": "a116ba9576a62146457fed1ae2c6b6e7",
    "Assets/Images/package_color.png": "49605cac6c0e019bd6085c16ddb4e816",
    "Assets/Images/pin_color.png": "c5a5121a7cdb6338ffe544755bdfacc2",
    "Assets/Images/pip_color.png": "207aea34a1a15655ced4d71408527cd9",
    "Assets/Images/powershell_color.png": "c8ed8a520a9b7bec57acebcc59466772",
    "Assets/Images/restart_color.png": "0dc665ae930c461d2b40b96cb173aafb",
    "Assets/Images/rocket.png": "7beeda3ee8b17ff547d75f7d0e7fefef",
    "Assets/Images/save.png": "c240897274e1a0154dd695c0e7057137",
    "Assets/Images/scoop_color.png": "c8f66febb700bee482071ed4e1dd378a",
    "Assets/Images/settings_gear.png": "b3b26db9d6e4b9e0532e3fcaa8e0c632",
    "Assets/Images/shield_green.png": "96d968908faa7a680d954457a6a322ca",
    "Assets/Images/shield_question.png": "656cac6714a9ea664a22b75ee63d42f2",
    "Assets/Images/shield_red.png": "15f108d807d6645326d7177417193ea7",
    "Assets/Images/shield_reload.png": "0921a47a096f1b88462c407ea6b16f2b",
    "Assets/Images/shield_yellow.png": "0128a04715461c4e72982d07d49e5328",
    "Assets/Images/simple_user.png": "3e27bc60461a2dee3c9fdc776407af18",
    "Assets/Images/tick.png": "596dba44ef84dbbb3b1d220fe9c6e6d5",
    "Assets/Images/tray_blue_black.ico": "f9f1d178487df4039bd92a301222e7e2",
    "Assets/Images/tray_blue_white.ico": "db5ee5151b44538c1e35260d9c26eaf1",
    "Assets/Images/tray_empty_black.ico": "87354104b03bd41a7c7faab0e25f4ed1",
    "Assets/Images/tray_empty_white.ico": "82c9988f6bcb96181ebeb3f3db6d2ec4",
    "Assets/Images/tray_green_black.ico": "dbcd9fd44d09ee3041d8e8f0f2ed0dc6",
    "Assets/Images/tray_green_white.ico": "d513ba427a904a19a5533f40d82f9ea8",
    "Assets/Images/tray_orange_black.ico": "9ab00b0bb8f1574ae68d0ecab9d653a8",
    "Assets/Images/tray_orange_white.ico": "4f773c6a284f8e73c618527f76e5ed68",
    "Assets/Images/tray_turquoise_black.ico": "91672178d8f822e439eb2d120818e236",
    "Assets/Images/tray_turquoise_white.ico": "63add3c67af244cd55edac852bc72a69",
    "Assets/Images/update_pc_color.png": "2c8d3aba0592551c6581f9b71be7012f",
    "Assets/Images/vcpkg_color.png": "50aac96e7b6d570b6ee72b691e4663a8",
    "Assets/Images/warn.png": "b4f715196f086a198846dd476882fc80",
    "Assets/Images/winget_color.png": "a62f4cdc86bb26b0c139fccdbcf67bfe",
    "Assets/Images/workstation.png": "bd17f5ea32116be79a30e286c3034345",
    "Assets/Images/youtube.png": "26598607887f6772bf64da6ce1a75ff6",
    "Assets/Languages/lang_af.json": "ce7622f9126f6f53a739a919fabbf09a",
    "Assets/Languages/lang_ar.json": "bef0d45a80ca0e8a2dc16b279b385ae2",
    "Assets/Languages/lang_be.json": "20dff3ab7316f573a74a4ee0b4553f5a",
    "Assets/Languages/lang_bg.json": "d6b78752ec44d04fb68b28c892ad783a",
    "Assets/Languages/lang_bn.json": "3c87a2f9fe0ebf66c5b241aa53456c41",
    "Assets/Languages/lang_ca.json": "9ee9814db0504141d194bcd43e5b07cd",
    "Assets/Languages/lang_cs.json": "87d871777fb69fa3b59393fd5457839c",
    "Assets/Languages/lang_da.json": "5a77c3326d4b080f7c7bb3304b250d6b",
    "Assets/Languages/lang_de.json": "eafa96ab450624815c6d93158e012cbe",
    "Assets/Languages/lang_el.json": "14442bdc02e7df47c800065904c12d89",
    "Assets/Languages/lang_en.json": "4b36021468918136770d56fccf148712",
    "Assets/Languages/lang_es-MX.json": "ff4a84649bf758934d916337769b013a",
    "Assets/Languages/lang_es.json": "882a038bafccb10297bd3cea8a1a77dc",
    "Assets/Languages/lang_et.json": "e70787583d470086c5fe0b1bf9317438",
    "Assets/Languages/lang_fa.json": "13dde38b0f12509d1959761e82b2b152",
    "Assets/Languages/lang_fi.json": "9b6f44758b2592f29cfa827222474e5a",
    "Assets/Languages/lang_fil.json": "f469cb1f1e34eeaf0e511a2d2717470d",
    "Assets/Languages/lang_fr.json": "a2c1c8806aa83a27c0ed81f6e68fca8c",
    "Assets/Languages/lang_gl.json": "ff4a84649bf758934d916337769b013a",
    "Assets/Languages/lang_gu.json": "2ea53cd81f13038667f3c2d4087113b1",
    "Assets/Languages/lang_he.json": "51a0020487f1e2fc199a215998a97108",
    "Assets/Languages/lang_hi.json": "3cd414be2bcf3157fda391df02bf864a",
    "Assets/Languages/lang_hr.json": "336303eebdaa6d33196ef487b113954c",
    "Assets/Languages/lang_hu.json": "689fed3069ac918a17abf947ed273dbe",
    "Assets/Languages/lang_id.json": "e1020d356d840df7822e85f3083daa47",
    "Assets/Languages/lang_it.json": "764d06b73ab205189c78bc0e6e75fb07",
    "Assets/Languages/lang_ja.json": "9c957b86d9974614a0675415adb03d9d",
    "Assets/Languages/lang_ka.json": "4b0b190d9c8b9f70d674a47255654b01",
    "Assets/Languages/lang_kn.json": "9a56c1a9fbd84c3679655c246a2be2cf",
    "Assets/Languages/lang_ko.json": "fb6ae6da2941d9bc21cd5a0a421a72ef",
    "Assets/Languages/lang_lt.json": "c196b1d10c07628b16ee445ecfca4aa0",
    "Assets/Languages/lang_mk.json": "73144c29146c741746f239dde2d1929a",
    "Assets/Languages/lang_mr.json": "ff4a84649bf758934d916337769b013a",
    "Assets/Languages/lang_nb.json": "8fcea00dca0b373fed9f94dc3c4cdaec",
    "Assets/Languages/lang_nl.json": "92735a61be380bc609ffdf8364164630",
    "Assets/Languages/lang_nn.json": "5d8474b64dc6cd4eff3bb6e2fee49f3a",
    "Assets/Languages/lang_pl.json": "53bb887c3f76d229f8f9a0f7879e705d",
    "Assets/Languages/lang_pt_BR.json": "ab38bcb94ac82a68bb1d4cd766a7be89",
    "Assets/Languages/lang_pt_PT.json": "fdcd58f1cf0a17bd711f7eec5688fa0b",
    "Assets/Languages/lang_ro.json": "9a85935c3809efa60af4747aae2ce14b",
    "Assets/Languages/lang_ru.json": "b7de4c116cdbe1b1ae337f244486f3cb",
    "Assets/Languages/lang_sa.json": "1e4446a7ded9a3b4459c3a5c49387840",
    "Assets/Languages/lang_si.json": "bae61f7aeeda956c64b14a90b80ce81a",
    "Assets/Languages/lang_sk.json": "8a1de565215f253bdee866aaf8222724",
    "Assets/Languages/lang_sl.json": "08cad8b54298878170a47602714d11ba",
    "Assets/Languages/lang_sq.json": "05a3097978a2f0f4d96e2b474f48feda",
    "Assets/Languages/lang_sr.json": "9fcd169be17a72524bce4e6df70a863a",
    "Assets/Languages/lang_sv.json": "69890f98342f73268a7625e51c513ec9",
    "Assets/Languages/lang_ta.json": "af53e4114ae08c19d1ef0a2fe0657956",
    "Assets/Languages/lang_tg.json": "687a16e70bfe7b670dad9c6f3fe02e92",
    "Assets/Languages/lang_th.json": "ca80206009eeca17e46be5dfae628a4f",
    "Assets/Languages/lang_tr.json": "fcd343eda79dfa58052ad4d3006dea44",
    "Assets/Languages/lang_ua.json": "d6dce68c0e6242c96ea1696bd09773da",
    "Assets/Languages/lang_ur.json": "8535e0c19954f26b77e69ddf509abc96",
    "Assets/Languages/lang_vi.json": "bedde620dddfe1f3030ade8d925ad5b3",
    "Assets/Languages/lang_zh_CN.json": "23c05c98bd8743eb9a29cbc4876dd007",
    "Assets/Languages/lang_zh_TW.json": "fd955c1d598980dee18617da63da9a61",
    "Assets/Symbols/Font/fonts/UniGetUI-Symbols.ttf": "736678ba2649ce477f116ca5d2e0c7d0",
    "Assets/Utilities/UniGetUI Elevator (Legacy).exe": "623ffb2353fa75d8932ae6bba9579bf1",
    "Assets/Utilities/UniGetUI Elevator.exe": "fddf07fc7a43927732e9fd9c3ff5459d",
    "Assets/Utilities/getfilesiginforedist.dll": "db9418216829306b9e0fca01c691b98b",
    "Assets/Utilities/install_scoop.cmd": "420857095ccb43001d034b5cbc708d67",
    "Assets/Utilities/install_scoop.ps1": "7278e566c27707e48dd0a0813e260e4b",
    "Assets/Utilities/scoop_cleanup.cmd": "5d0f40f7be40c00019ec5cd15b942942",
    "Assets/Utilities/uninstall_scoop.cmd": "1ebc57dd6b3a36dece307d3eae51eb87",
    "CommunityToolkit.Common.dll": "7807ec147b9d9afb4ba71efe367c3fee",
    "CommunityToolkit.WinUI.Animations.dll": "a8ecd44807b9312b9151877ca901defb",
    "CommunityToolkit.WinUI.Controls.Primitives.dll": "58a226d0ba85422834a72b250135eb73",
    "CommunityToolkit.WinUI.Controls.Segmented.dll": "52c0867f28f61cf02122f085afce4582",
    "CommunityToolkit.WinUI.Controls.SettingsControls.dll": "a237e4dd3f6085cde86222fce5947dd7",
    "CommunityToolkit.WinUI.Controls.Sizers.dll": "f4e3d664c62673ca891302dc052e0246",
    "CommunityToolkit.WinUI.Controls.TokenizingTextBox.dll": "aa1c9622dbf919bdd5eee5ed21b08a26",
    "CommunityToolkit.WinUI.Converters.dll": "22838935b633cb7381ca07b7ebbecb09",
    "CommunityToolkit.WinUI.Extensions.dll": "d14a9da89adadaae2d8cc2090ae2ec42",
    "CommunityToolkit.WinUI.Helpers.dll": "47f7ac23b89cc719069471b775bc2176",
    "CommunityToolkit.WinUI.Media.dll": "1fa35eee292bbadb3d125736e1352054",
    "CommunityToolkit.WinUI.Triggers.dll": "77380102e238efc84f8125d3ce645bfa",
    "CoreMessagingXP.dll": "1326be712e8fb57a217282b0f507aa38",
    "DWriteCore.dll": "18b2b3e555a541ef4d85478035836fc9",
    "DwmSceneI.dll": "54822cbcd64e2a02b01e119e68684c6c",
    "ExternalLibraries.Clipboard.dll": "c8e8d11cce61836b1cb4321c8f79d6f2",
    "ExternalLibraries.Clipboard.pdb": "dc56b40946b1c9a13c7b7fbd3bf4cf9e",
    "ExternalLibraries.FilePickers.dll": "1c26936e697cd14d293579c2e8b96742",
    "ExternalLibraries.FilePickers.pdb": "b7652bcef6d249cbe9c78ed40704e737",
    "ExternalLibraries.WindowsPackageManager.Interop.dll": "1fc6e6c9f755b195bb3488ab08d66c19",
    "ExternalLibraries.WindowsPackageManager.Interop.pdb": "2d685deae260bb30bdbb8a4f5376f7a4",
    "H.NotifyIcon.WinUI.dll": "804b5f6d750fb92c323fa0691b5b9b7c",
    "H.NotifyIcon.dll": "e05542994678fe1650490ecfbec0e763",
    "Jeffijoe.MessageFormat.dll": "08834dc0a12f92105a1efa8a21dc376f",
    "MRM.dll": "4c6a7d749f2e24d5f9d992d12467b4a8",
    "Microsoft.AspNetCore.Antiforgery.dll": "871c22af925f138a079aa0148e90b7aa",
    "Microsoft.AspNetCore.Authentication.Abstractions.dll": "6b7e23a73529e1ec0dea87b8e4df495b",
    "Microsoft.AspNetCore.Authentication.Core.dll": "d6d3f905d9e0386082c068d5781f3f6c",
    "Microsoft.AspNetCore.Authorization.Policy.dll": "8392df3393cd6862e9ad4d67c0f75d36",
    "Microsoft.AspNetCore.Authorization.dll": "92180d7a1cbb537c9aff3a1732d8553d",
    "Microsoft.AspNetCore.Components.Authorization.dll": "bde56a5568c6372a2a3a7896b76ef258",
    "Microsoft.AspNetCore.Components.Endpoints.dll": "13c1192224d27c57a2c347c8d5546039",
    "Microsoft.AspNetCore.Components.Server.dll": "96b32138e365bb99fde391510f466577",
    "Microsoft.AspNetCore.Components.Web.dll": "cf145bfd00fe260f2740c676ac7fcbf2",
    "Microsoft.AspNetCore.Components.dll": "e015fd7dc8377587121b95d8805a6092",
    "Microsoft.AspNetCore.Connections.Abstractions.dll": "e3bce875af04023691fb1b8a73036586",
    "Microsoft.AspNetCore.Cors.dll": "2fbd545748d3e2af37c3645cbbd9d3fc",
    "Microsoft.AspNetCore.Cryptography.Internal.dll": "0c52a0b38ee648d12dfafb06cd259640",
    "Microsoft.AspNetCore.DataProtection.Abstractions.dll": "8a3db3c0855081a0b7146acb377fe502",
    "Microsoft.AspNetCore.DataProtection.Extensions.dll": "510cecbe96b2e897ea718535a3c80f28",
    "Microsoft.AspNetCore.DataProtection.dll": "bf8913dab1c8d9765c29d4a8113a78be",
    "Microsoft.AspNetCore.Diagnostics.Abstractions.dll": "24dd190e84bd92b39cc0312694833241",
    "Microsoft.AspNetCore.HostFiltering.dll": "69590953f92b3ae7ca8a513301bdbd5a",
    "Microsoft.AspNetCore.Hosting.Abstractions.dll": "d15aa47438002f1bcce7bea99abd58a6",
    "Microsoft.AspNetCore.Hosting.Server.Abstractions.dll": "f4d88805bc12d9de1a2ad85cf04fb73c",
    "Microsoft.AspNetCore.Hosting.dll": "1b17fba428a96302e9eb49655016688c",
    "Microsoft.AspNetCore.Html.Abstractions.dll": "9bc690f3a7cf9a537f3be71aca1b403b",
    "Microsoft.AspNetCore.Http.Abstractions.dll": "ce58c6c3f9ecb42cfd480222bbbeaa1f",
    "Microsoft.AspNetCore.Http.Connections.Common.dll": "f60c05ab9e9c37048d1ebe0185d3f925",
    "Microsoft.AspNetCore.Http.Connections.dll": "fadc18995bda2b99eeab3863ba025a3a",
    "Microsoft.AspNetCore.Http.Extensions.dll": "16e7014469ca840a0c09f8b4fdde37ec",
    "Microsoft.AspNetCore.Http.Features.dll": "5d50c1f81287bd68217649b74a400849",
    "Microsoft.AspNetCore.Http.dll": "e4c2eb147cfd133c940962e0b6ae3213",
    "Microsoft.AspNetCore.HttpOverrides.dll": "d1798cf5c66936c8598341f1884518dd",
    "Microsoft.AspNetCore.Metadata.dll": "733c07f4b419ae1bff6225f8263cbfb7",
    "Microsoft.AspNetCore.Mvc.Abstractions.dll": "4515a7223f726dc9097a895d9e322eea",
    "Microsoft.AspNetCore.Mvc.ApiExplorer.dll": "e93d6adc87a02733894f9048f50a3759",
    "Microsoft.AspNetCore.Mvc.Core.dll": "e1e56a8025956622ea39a2f2299f4a86",
    "Microsoft.AspNetCore.Mvc.Cors.dll": "4588968a30e518f42a05d25481d99b88",
    "Microsoft.AspNetCore.Mvc.DataAnnotations.dll": "07f25975b60e7daddb14661f4fe21cd3",
    "Microsoft.AspNetCore.Mvc.Formatters.Json.dll": "33c1842c906ec7fb33a5c8ee6e272ee8",
    "Microsoft.AspNetCore.Mvc.Formatters.Xml.dll": "0da7a4b834f0f18a4518919907dd5251",
    "Microsoft.AspNetCore.Mvc.Localization.dll": "d34e1e4c93043b42e260591e5d89999a",
    "Microsoft.AspNetCore.Mvc.Razor.dll": "356856fa0e1a3b257b5150818252457e",
    "Microsoft.AspNetCore.Mvc.RazorPages.dll": "c48118729ed647c1dc16e0c928d7c5c9",
    "Microsoft.AspNetCore.Mvc.TagHelpers.dll": "88971b57c96f6a90139880508f9595d9",
    "Microsoft.AspNetCore.Mvc.ViewFeatures.dll": "91dd3015c0ad8864e761d60248395625",
    "Microsoft.AspNetCore.Mvc.dll": "5b38e4ac31643af99b3ebb76f51163da",
    "Microsoft.AspNetCore.OutputCaching.dll": "e2d277186d12a2189e8dc7b7e9670c16",
    "Microsoft.AspNetCore.Razor.Runtime.dll": "8f6ed7765e20c4121edd4d88491ec567",
    "Microsoft.AspNetCore.Razor.dll": "531e7a131de18be642efe42928f5268a",
    "Microsoft.AspNetCore.ResponseCaching.Abstractions.dll": "82aa7d8460afd80870eed33f8911f5d0",
    "Microsoft.AspNetCore.Routing.Abstractions.dll": "a1cf9d1ebacf2f3559c8e4d5fe346dba",
    "Microsoft.AspNetCore.Routing.dll": "6a62987bb91dede902abb59b511eeb31",
    "Microsoft.AspNetCore.Server.HttpSys.dll": "743c28674514ce86dde885afb79fd698",
    "Microsoft.AspNetCore.Server.IIS.dll": "fdb0948248fb9f447cc6fd7ea427d89a",
    "Microsoft.AspNetCore.Server.IISIntegration.dll": "46b7df24a1325d693727bbeb0b0867de",
    "Microsoft.AspNetCore.Server.Kestrel.Core.dll": "fb5a579b72f2efae8bd73998cf309b9f",
    "Microsoft.AspNetCore.Server.Kestrel.Transport.NamedPipes.dll": "8c04360b8f7529331330bcc7ce227eb6",
    "Microsoft.AspNetCore.Server.Kestrel.Transport.Quic.dll": "a89591e6636a3fa422ad51d3a91975cf",
    "Microsoft.AspNetCore.Server.Kestrel.Transport.Sockets.dll": "863a1d89bfb44fe691ae28e4e530d014",
    "Microsoft.AspNetCore.Server.Kestrel.dll": "1817c308875619142a3660f520264779",
    "Microsoft.AspNetCore.SignalR.Common.dll": "ea02322f6b1dc284c74175b99fe5d6b4",
    "Microsoft.AspNetCore.SignalR.Core.dll": "e7f60bd2dcdc814588acab3b4abaac51",
    "Microsoft.AspNetCore.SignalR.Protocols.Json.dll": "ef27708389c12d93bd0f78d6bb0c315b",
    "Microsoft.AspNetCore.SignalR.dll": "fc828137779127da871341bfc717ad82",
    "Microsoft.AspNetCore.StaticFiles.dll": "7b9c2a9fc7c6d9cd7156244d75f85c10",
    "Microsoft.AspNetCore.WebSockets.dll": "042d1630559014c25746da7c79564353",
    "Microsoft.AspNetCore.WebUtilities.dll": "c85f88a49db0c5bc94ddd5f5b366d2a3",
    "Microsoft.AspNetCore.dll": "0563a1dd773fdad238768f75af686aed",
    "Microsoft.CSharp.dll": "eb44f3265bb871feeec2ba229fe86933",
    "Microsoft.DiaSymReader.Native.amd64.dll": "853dffeff450f10e0b1a8f7f377a3ad2",
    "Microsoft.DirectManipulation.dll": "68e1a911265de52691abbfc0b8637f8b",
    "Microsoft.Extensions.Caching.Abstractions.dll": "1e6c83194aa728ab6900d57a26b98597",
    "Microsoft.Extensions.Caching.Memory.dll": "e591ccd569a1614db7e3e8f7ab490919",
    "Microsoft.Extensions.Configuration.Abstractions.dll": "9ac4e87dbbfdb083781bf7e391311e9e",
    "Microsoft.Extensions.Configuration.Binder.dll": "029ddc91d106748a8e03a57d6fe19ffd",
    "Microsoft.Extensions.Configuration.CommandLine.dll": "1db9321b0ab00cd14cedca782f88df51",
    "Microsoft.Extensions.Configuration.EnvironmentVariables.dll": "386b1100dbcfd0aa7c42063ffc6e15b5",
    "Microsoft.Extensions.Configuration.FileExtensions.dll": "0cd5a24991716cc664e194751ec0c0af",
    "Microsoft.Extensions.Configuration.Json.dll": "373ea5d91c04493aa9e2865ec923a5fd",
    "Microsoft.Extensions.Configuration.KeyPerFile.dll": "0bda77c0001942ca7334e7ba329da7b9",
    "Microsoft.Extensions.Configuration.UserSecrets.dll": "0b3862420be0ca7be4e95d5d97c73c94",
    "Microsoft.Extensions.Configuration.dll": "5a714272ab770bedc934bc7f01ef57cf",
    "Microsoft.Extensions.DependencyInjection.Abstractions.dll": "ff7505cd973760ae1a356b3cf75a6690",
    "Microsoft.Extensions.DependencyInjection.dll": "f584829ba58cb56c57dbcbaf8261090a",
    "Microsoft.Extensions.Diagnostics.Abstractions.dll": "33cef64f15cb35334707361287815024",
    "Microsoft.Extensions.Diagnostics.dll": "e63d743d3577bdef065f22af5c71686b",
    "Microsoft.Extensions.Features.dll": "3f8a56e1e6582f6fb5489d8cd6b00e28",
    "Microsoft.Extensions.FileProviders.Abstractions.dll": "9b623ede386830a37b0dab12933a749e",
    "Microsoft.Extensions.FileProviders.Composite.dll": "15bab0c3db3ff08a28111cf4ab60cf4e",
    "Microsoft.Extensions.FileProviders.Embedded.dll": "20cfb0350872f0454c8b0ca4944d2c7a",
    "Microsoft.Extensions.FileProviders.Physical.dll": "816714df514ea5211dc7fa417ec33986",
    "Microsoft.Extensions.FileSystemGlobbing.dll": "c918fbd060f5ac3acb0845b22607eb81",
    "Microsoft.Extensions.Hosting.Abstractions.dll": "5275a7e9deda9459d49cec71eafa9006",
    "Microsoft.Extensions.Hosting.dll": "29a5fbac4e4461f65c7073fba0cc09cc",
    "Microsoft.Extensions.Localization.Abstractions.dll": "0c808fd6cc68f09c1ce4753d81e51679",
    "Microsoft.Extensions.Localization.dll": "5a568ed59c0261e70e46adca75fb7b28",
    "Microsoft.Extensions.Logging.Abstractions.dll": "1c97d268184a0a5ae46ef3a9349ba51d",
    "Microsoft.Extensions.Logging.Configuration.dll": "41fb3ad667b51209bf64cf9efd90a138",
    "Microsoft.Extensions.Logging.Console.dll": "a6a5927fdd5e772927e18cda12782b6d",
    "Microsoft.Extensions.Logging.Debug.dll": "55af3bf7a4c797e9c33b593308190464",
    "Microsoft.Extensions.Logging.EventLog.dll": "af48711bf03e73cad83dc5e4626234b6",
    "Microsoft.Extensions.Logging.EventSource.dll": "e93230c75cbc0cb7d2c8d7d88cc6eb90",
    "Microsoft.Extensions.Logging.dll": "65022cce31fb3610fda05c5babe0a83c",
    "Microsoft.Extensions.ObjectPool.dll": "bcb6c1264dceb6dad6d7239d5c98d2ae",
    "Microsoft.Extensions.Options.ConfigurationExtensions.dll": "840076e53b11a8ea8986b971130e3b05",
    "Microsoft.Extensions.Options.dll": "ab02b82e617942359e8668fe74af4c4f",
    "Microsoft.Extensions.Primitives.dll": "57177375b64280f851d0099d798675f0",
    "Microsoft.Extensions.WebEncoders.dll": "81e2517ccf9304d468c376c9da0bbb7c",
    "Microsoft.Foundation.winmd": "a61c214ef56ba65a224dbf02bfaacdde",
    "Microsoft.Graphics.Canvas.Interop.dll": "5cc6b0513e1ee9ef8bd219437d55bb8b",
    "Microsoft.Graphics.Canvas.dll": "7549b8c43ad4e630a49372c75d0ccebf",
    "Microsoft.Graphics.Display.dll": "6cf19f73a9cd03c6b4e4ba67344419e4",
    "Microsoft.Graphics.Imaging.dll": "ce1be558c9b140201aafd3548911d6a4",
    "Microsoft.Graphics.Imaging.winmd": "23320bd4a7d7003eb7f738dc3300c1e7",
    "Microsoft.Graphics.ImagingInternal.winmd": "6ba9905e0c8fdb51a3b31da56d8165c8",
    "Microsoft.Graphics.Internal.Imaging.winmd": "517e4f5fca63c4908e21889d69751a80",
    "Microsoft.Graphics.winmd": "bb77c81853311af8da3e7d1da8177b7c",
    "Microsoft.InputStateManager.dll": "b17871e0b78c019294e2e000eb475747",
    "Microsoft.InteractiveExperiences.Projection.dll": "4e89266a22836d48b21a71980b568f35",
    "Microsoft.Internal.FrameworkUdk.dll": "56e19483a5b5b13d64331211ef933d44",
    "Microsoft.JSInterop.dll": "2a3c535c1f651dd50a546d2a4c50b1d1",
    "Microsoft.Management.Deployment.winmd": "37ca9233db432f305143074a00a1233c",
    "Microsoft.Net.Http.Headers.dll": "b30698730e6ba94fe53020ff6bd671d6",
    "Microsoft.Security.Authentication.OAuth.winmd": "851a3e905c9ee2361d6c9a53c67d30e9",
    "Microsoft.UI.Composition.OSSupport.dll": "027cb07c4dd489654e68247bca04e472",
    "Microsoft.UI.Input.dll": "f1e65e150c5b0b98030e5ae756afc87f",
    "Microsoft.UI.Text.winmd": "18dfdc7cbd95777d53c762002d2b894e",
    "Microsoft.UI.Windowing.Core.dll": "c8de596326f6a02845bcc7d69fa9e5b6",
    "Microsoft.UI.Windowing.dll": "fbec87819c79a364aba46b30d5877c1c",
    "Microsoft.UI.Xaml.Controls.dll": "2a52ad27cac875afeb011450b75e212a",
    "Microsoft.UI.Xaml.Controls.pri": "4bc820401bb282a8c358dd1e62308dbf",
    "Microsoft.UI.Xaml.Internal.dll": "3eadd9d1fef6e3152bd8626d926a178e",
    "Microsoft.UI.Xaml.Phone.dll": "20dc712f760dec7a3426ee729267f1c5",
    "Microsoft.UI.Xaml.winmd": "f827b543914259825897eb267b6dd0b6",
    "Microsoft.UI.Xaml/Assets/NoiseAsset_256x256_PNG.png": "81f27726c45346351eca125bd062e9a7",
    "Microsoft.UI.Xaml/Assets/map.html": "99d3c163d4657e53fe4249e2d8835402",
    "Microsoft.UI.dll": "c05097acc0af117acd62d708aa13978a",
    "Microsoft.UI.pri": "c872222e1594212e229065a44d2807d8",
    "Microsoft.UI.winmd": "232b0c9591e8fd51924022e73c2267a8",
    "Microsoft.Web.WebView2.Core.Projection.dll": "6be1ac91f3c659cf1ef42fa693d9d834",
    "Microsoft.Web.WebView2.Core.dll": "165b09460f05cb2c9434a2f5f3e915d1",
    "Microsoft.Win32.Primitives.dll": "9edf2b50af87da15a9e5fe5d692f4ede",
    "Microsoft.Win32.Registry.dll": "39c57abb0191acfda0dc458231f4ae33",
    "Microsoft.Win32.SystemEvents.dll": "0ce87c3f035dd9bf9a242f3e9d999399",
    "Microsoft.WinUI.dll": "02dce0668b1c195cf96fb7b7db988804",
    "Microsoft.Windows.AI.ContentModerationInternal.winmd": "f098d559d65244f939473c06375d130e",
    "Microsoft.Windows.AI.ContentSafety.dll": "026152fe1fd443127763811db94aafee",
    "Microsoft.Windows.AI.ContentSafety.winmd": "b8fec2ea944edeeae42de0b1d57247b1",
    "Microsoft.Windows.AI.Foundation.winmd": "ca02b50f64dfffb319c283182fdd9aa7",
    "Microsoft.Windows.AI.FoundationInternal.winmd": "18519049d3808978e3b4d3b774831838",
    "Microsoft.Windows.AI.GenerativeInternal.winmd": "4626f274edfcaff0856f066fb0d8ff05",
    "Microsoft.Windows.AI.Imaging.dll": "ec4d9a7bfc3f5e34015704427ef29adb",
    "Microsoft.Windows.AI.Imaging.winmd": "b31383ca16a2be53c2d81cb0291a8408",
    "Microsoft.Windows.AI.Text.dll": "fed5dedfaa863180649a31b6ffd7a386",
    "Microsoft.Windows.AI.Text.winmd": "12b1b03662ab775a932c7da064e65b3a",
    "Microsoft.Windows.AI.winmd": "f429bc681b253c9bcb547a1e768161b5",
    "Microsoft.Windows.AppLifecycle.Projection.dll": "09e7c7bce2b879cd508c355e236209f6",
    "Microsoft.Windows.AppLifecycle.winmd": "2c09a980d668898d7c6f796211f03051",
    "Microsoft.Windows.AppNotifications.Builder.Projection.dll": "b670809da45e5981ae88ac7c708fb659",
    "Microsoft.Windows.AppNotifications.Builder.winmd": "1ad315ea1e61437ee49f3fc9024c730f",
    "Microsoft.Windows.AppNotifications.Projection.dll": "80b511b260d83a75feff86379cafe377",
    "Microsoft.Windows.AppNotifications.winmd": "0be82d375b7afa0b98a9d1618ebee34f",
    "Microsoft.Windows.ApplicationModel.Background.UniversalBGTask.dll": "7e008070688a13c95cb311fcf9dcf735",
    "Microsoft.Windows.ApplicationModel.Background.UniversalBGTask.winmd": "c417a705ca95d113ca8c7ecd3e7ebc50",
    "Microsoft.Windows.ApplicationModel.Background.winmd": "cccab88b46c0087f29d9e64cdc565ead",
    "Microsoft.Windows.ApplicationModel.DynamicDependency.winmd": "eb5fbd2dd5e7664f339c07a0161eb0db",
    "Microsoft.Windows.ApplicationModel.Resources.Projection.dll": "b91882732f8c732e79d1979554c9c537",
    "Microsoft.Windows.ApplicationModel.Resources.dll": "478e2bb5e49101090a84e710d5930066",
    "Microsoft.Windows.ApplicationModel.Resources.winmd": "dd2ab9f704b0edcd2763a6b09cd8e33e",
    "Microsoft.Windows.ApplicationModel.WindowsAppRuntime.winmd": "ea436d7c393bc443e09f65eeba479494",
    "Microsoft.Windows.BadgeNotifications.winmd": "97f9d5bf7f67ad5d0d3efaf684ee2edd",
    "Microsoft.Windows.Globalization.winmd": "e136d03263abbefd0fa93635b7bb0d26",
    "Microsoft.Windows.Internal.Vision.winmd": "7702ebebf7ac90134f3501f621a94f1a",
    "Microsoft.Windows.Management.Deployment.winmd": "967bd867eda30ed7dba5319768eb62cd",
    "Microsoft.Windows.Media.Capture.winmd": "a5ca98184c61d0d8224f56f1d4c5fbe7",
    "Microsoft.Windows.Private.Workloads.SessionManager.winmd": "00be1d614e9ea07d96e366da6e317b89",
    "Microsoft.Windows.PrivateCommon.winmd": "2c7e3ded3bae9b025ec040e3a63ee5b3",
    "Microsoft.Windows.PushNotifications.winmd": "401b50ecf685b998107681cce527face",
    "Microsoft.Windows.SDK.NET.dll": "847970106122866ceb2ce40858b0b97a",
    "Microsoft.Windows.Security.AccessControl.winmd": "329ed71b8b9f340c01f9353a99124dfb",
    "Microsoft.Windows.SemanticSearch.winmd": "a683e643b0fd21e1b15f9bdfde7e79af",
    "Microsoft.Windows.Storage.winmd": "69a14d9384025aaa2e83095d9e4ab852",
    "Microsoft.Windows.System.Power.Projection.dll": "91c2c493b9a97af1765639e801c221ea",
    "Microsoft.Windows.System.Power.winmd": "09dc1bb634c1850425cb3684f9a884d6",
    "Microsoft.Windows.System.winmd": "7cc501f7b30e22fe57270179a1cf843a",
    "Microsoft.Windows.Vision.winmd": "194506061f46f463aed9a78dd31ff2e6",
    "Microsoft.Windows.VisionInternal.winmd": "aa89f6aa79d18ac9f29c8e543336dc51",
    "Microsoft.Windows.Widgets.dll": "983750067548fbeb4d7ccadd32398307",
    "Microsoft.Windows.Widgets.winmd": "7052c1549d607b820d296a49faa30756",
    "Microsoft.Windows.Workloads.Resources.dll": "a32e09f57c4ff05242c77584bb1484c2",
    "Microsoft.Windows.Workloads.Resources_ec.dll": "c99ecadd8f8224896a6ff905e40b5a60",
    "Microsoft.Windows.Workloads.dll": "bec883689cbb7274fc7af54469cd06fc",
    "Microsoft.Windows.Workloads.winmd": "f1bb846975ea27a9cf1c1213973fc666",
    "Microsoft.WindowsAppRuntime.Bootstrap.dll": "6007a94fe7e13aa84e2efd0dd446494d",
    "Microsoft.WindowsAppRuntime.Insights.Resource.dll": "f219940b7e28a95382ac8726305148e4",
    "Microsoft.WindowsAppRuntime.dll": "9d06295b61cd577b819deab2d31e2787",
    "Microsoft.ui.xaml.dll": "4f85cf5fbbcb707a49d5e5bee99ae329",
    "Microsoft.ui.xaml.resources.19h1.dll": "c55805ddd027d9aed4f794784912edef",
    "Microsoft.ui.xaml.resources.common.dll": "517eceeab6fc4eecd3906a426c5372b9",
    "NpuDetect/NPUDetect.dll": "0592adacd1e923cab99846fecf0e214d",
    "Octokit.dll": "d1f4c65cbc472d8c7e2a53665d55b356",
    "PhotoSauce.MagicScaler.dll": "81dce64aa347765b3493127013fe8dc8",
    "PushNotificationsLongRunningTask.ProxyStub.dll": "30eb0427804fc95479d67088798fe6f5",
    "RestartAgent.exe": "885eed87cb59e8c4ee3cb37447e27f37",
    "SessionHandleIPCProxyStub.dll": "f6b49743f521cdb8ddaca991b9118531",
    "System.Collections.Concurrent.dll": "953a187e2a983efc35bced4fd5096550",
    "System.Collections.Immutable.dll": "2c3c39452f91f78e3e6db43d4dd87228",
    "System.Collections.NonGeneric.dll": "d1534e9d91556882b7ef15d97d940283",
    "System.Collections.Specialized.dll": "b6f51917068ee514d3c729b6e2a8957e",
    "System.Collections.dll": "40264b8620686a89e5f65ed1937cfee8",
    "System.ComponentModel.Annotations.dll": "7ad41054de44fb704d3a89b7ad137570",
    "System.ComponentModel.EventBasedAsync.dll": "0b416aca91bbf851a3ebb82b012e678e",
    "System.ComponentModel.Primitives.dll": "97700747857ff07d9024094cbcc6c0f0",
    "System.ComponentModel.TypeConverter.dll": "7fdaa777358e7bd41d1a421ac2814b66",
    "System.ComponentModel.dll": "79c764c532101b91978fcb6da11ecec0",
    "System.Console.dll": "f66537ffdf774ae189d6a1ad2a5a1f70",
    "System.Data.Common.dll": "5f8ed2da707b80f9dd493d7648193574",
    "System.Diagnostics.DiagnosticSource.dll": "a888a25311c648295d556f6879448cb4",
    "System.Diagnostics.EventLog.dll": "d9102ffdccaa327d5f01aa821cdb5e2b",
    "System.Diagnostics.Process.dll": "9b157cce63ba3c5a700f065193a927e4",
    "System.Diagnostics.StackTrace.dll": "f479cab2f6368b32ae4671d44fa711ef",
    "System.Diagnostics.TraceSource.dll": "c907f13cdd72e7871215a654512bff76",
    "System.Diagnostics.Tracing.dll": "19aae0892dd4ff519798fcf449f19866",
    "System.Drawing.Common.dll": "4c2b155e6497dc00b8959272edd589cf",
    "System.Drawing.Primitives.dll": "2c9558674e7a44fbac44366ab8831968",
    "System.Drawing.dll": "11d528b9de8d301dd5ccb1626e87433f",
    "System.Formats.Asn1.dll": "f7749218cc7ece69e415fc07875be247",
    "System.IO.Compression.Brotli.dll": "b1894830d7469c8909fa6d84306f428c",
    "System.IO.Compression.Native.dll": "b829dc1cc654cd9b8a6879467acf94cd",
    "System.IO.Compression.dll": "4ece3ab0a3196aa1a7aedd70cfcfb34e",
    "System.IO.FileSystem.AccessControl.dll": "a710f370e8d05201a47029a12265e2e9",
    "System.IO.FileSystem.Watcher.dll": "9ced76b7d8879a5113ecf3d2bdd05aaa",
    "System.IO.MemoryMappedFiles.dll": "bd7bef0640c6b048802a0b4747238862",
    "System.IO.Pipelines.dll": "1087b11def877dba905b8ebbf94040ae",
    "System.IO.Pipes.dll": "17a3c45eb4687dc6cb7fee642bc71c68",
    "System.Linq.Expressions.dll": "645412d8905dddfdb1eb751c08ce87a6",
    "System.Linq.dll": "1260643ce60e4ec38ef9a2c67d833f87",
    "System.Memory.dll": "c2c9406046c1e48df19a6559026cf5b2",
    "System.Net.Http.dll": "d22eee5bb5e8d71069642b3d5898d3b1",
    "System.Net.NameResolution.dll": "cc077649f5acbeb95ea7789b5fc6ccd4",
    "System.Net.NetworkInformation.dll": "e1143b51ce68e4d9c2acf8daf7de4bea",
    "System.Net.Primitives.dll": "f4b5fe1e0e456679560c7a701f86de73",
    "System.Net.Quic.dll": "c3ce3ee89b2f57680526b804781e9bc9",
    "System.Net.Requests.dll": "12b8be9df8e22c3d232778f10f08f1c7",
    "System.Net.Security.dll": "88fca7a99b1c94c0d6813d759aa6d415",
    "System.Net.ServicePoint.dll": "51034d9f28f410b2d51a34a10ab00df2",
    "System.Net.Sockets.dll": "585cced6470336f30abbf03ccc54c6b3",
    "System.Net.WebHeaderCollection.dll": "747d8ce38ea80282d0d3930b05a989eb",
    "System.Net.WebProxy.dll": "aaeba02f8e43ca7d575371572c5e0c53",
    "System.Net.WebSockets.dll": "9a64b287977b666aca1ce9e454de14a0",
    "System.Numerics.Vectors.dll": "88fbe7c7e828b0f7fda69e5a8f2ae832",
    "System.ObjectModel.dll": "491f5e756d09f256562cbd02d3d8c7fa",
    "System.Private.CoreLib.dll": "f6bacdc18092d3b04e607b7cf67208fa",
    "System.Private.DataContractSerialization.dll": "b2f88343281b1a78d554249e1682b29f",
    "System.Private.Uri.dll": "e1e336b9b8e3c0093907a56b9bccc872",
    "System.Private.Windows.Core.dll": "a901613d01d205514de43d187fc02c3c",
    "System.Private.Xml.Linq.dll": "e10974ec182830dbb002d1f98d708d23",
    "System.Private.Xml.dll": "e7e2fc061739e2122f20e8c5739e6146",
    "System.Reflection.Emit.ILGeneration.dll": "64c84cdfd8e15f527e02b4f8e6dabddc",
    "System.Reflection.Emit.dll": "1a1f1cbc3ee16d48048d1619ad0fc8f7",
    "System.Reflection.Metadata.dll": "03b6f04cb0fbc612eaac404b721effe6",
    "System.Reflection.Primitives.dll": "f30fea68fe5a39ab1420dcae68204927",
    "System.Runtime.InteropServices.dll": "b2b7f7222751e885be4786f0439cc709",
    "System.Runtime.Loader.dll": "68a80352c42aeef6887477440ed63522",
    "System.Runtime.Numerics.dll": "c12e0b1f3a2add9181718d002efa65b9",
    "System.Runtime.Serialization.Formatters.dll": "5914896456dbcfc13b7e199902c3ec05",
    "System.Runtime.Serialization.Primitives.dll": "4967a296273b07b0d167358cd9bd197a",
    "System.Runtime.Serialization.Xml.dll": "ee2916e3a263d0cac563ebd123edf2dc",
    "System.Runtime.dll": "20aebfdc5f9ec47088b1bca0e1db6d37",
    "System.Security.AccessControl.dll": "d427bceb32c2c61aab1f7272b20263e5",
    "System.Security.Claims.dll": "ebb3c67c33cc9abcd6cc8c36507ed154",
    "System.Security.Cryptography.Pkcs.dll": "071963e47a12747bc18bf56557b024dc",
    "System.Security.Cryptography.Xml.dll": "5cbd18fb26035c8ad09aeabff9153349",
    "System.Security.Cryptography.dll": "184eee9412290d65c40793d662a6c3d6",
    "System.Security.Principal.Windows.dll": "895b6e82c99be78a404e85e8dfe1a786",
    "System.Text.Encoding.CodePages.dll": "dcd290b55f7d673662038efcb804615b",
    "System.Text.Encoding.Extensions.dll": "9d4ca972aca6856740e07a0da1394627",
    "System.Text.Encodings.Web.dll": "90eff84746a0564572fcb2a13fbabd1a",
    "System.Text.Json.dll": "d48ef84fce2d4c89f5b909763ff13dda",
    "System.Text.RegularExpressions.dll": "571f5167d3c4ed6e8d8abfaaad7c80df",
    "System.Threading.Channels.dll": "708c6c946f7770377bf70171ecc14c5c",
    "System.Threading.Thread.dll": "1e159026549573a8ee1437d0e05bb8ac",
    "System.Threading.ThreadPool.dll": "8e28790f103ea187e3337c44aea665d6",
    "System.Threading.dll": "18d9a05c15ba3512d01742576bf52077",
    "System.Web.HttpUtility.dll": "68afdd3d62b18007414924ac349de46d",
    "System.Xml.Linq.dll": "61eb6d70950a7d0a74178fccf8ea4987",
    "System.Xml.ReaderWriter.dll": "c4221b22deb552545b1d314c2e6a54c2",
    "System.Xml.XmlSerializer.dll": "f8aac6acfbd1c4d10eac213cc465f244",
    "System.dll": "1e4b8d7c386d9e535f26051cd2989ce3",
    "UniGetUI.Core.Classes.dll": "f89b807ac8f17263101afa1c8f23ed44",
    "UniGetUI.Core.Classes.pdb": "94f9b1bbf2f0ca15b1a6ac123b00ae3a",
    "UniGetUI.Core.Data.dll": "c9373212387b65cdc41d7ea4c193b9a8",
    "UniGetUI.Core.Data.pdb": "537b221b234d915694fe9b264d22b21f",
    "UniGetUI.Core.IconEngine.dll": "7c08ce297315a82c93474e3aa4135d95",
    "UniGetUI.Core.IconEngine.pdb": "07aaa394485e0df384a3fe2683221aa6",
    "UniGetUI.Core.LanguageEngine.dll": "760e94b7ae5516ce392cbaa55d4768a8",
    "UniGetUI.Core.LanguageEngine.pdb": "694f700508e84db7fe99bd94426590e5",
    "UniGetUI.Core.Logging.dll": "0f083bc9ddd20df784855c57c98849ce",
    "UniGetUI.Core.Logging.pdb": "7d322ef05e6b2aa62412d812dae1eeac",
    "UniGetUI.Core.SecureSettings.dll": "6b679d76dea8ba2a934ba098cdf2c43d",
    "UniGetUI.Core.SecureSettings.pdb": "66bf27fd83f61f889bfab8d0aa3d79c9",
    "UniGetUI.Core.Settings.dll": "f12fe09f006334a066e523a02b7e02e1",
    "UniGetUI.Core.Settings.pdb": "b4679739f635c428c536d1a4990e7c7c",
    "UniGetUI.Core.Tools.dll": "07e0d4b8258f4b2a4121ad8d9900e46b",
    "UniGetUI.Core.Tools.pdb": "375816a88591543691d6bb27aefef89c",
    "UniGetUI.Interface.BackgroundApi.dll": "3141cbf37a9711d5245e503da24e62ef",
    "UniGetUI.Interface.BackgroundApi.pdb": "4abad6fd91f1dd2d6a8be711b4cb4797",
    "UniGetUI.Interface.Enums.dll": "17777770b2bd575949c03fea1198a578",
    "UniGetUI.Interface.Enums.pdb": "3f34f3fd51a8c327bc2ef5f15143fa0a",
    "UniGetUI.Interface.Telemetry.dll": "8f77213712a9eb26b7cc255749b756cb",
    "UniGetUI.Interface.Telemetry.pdb": "b7e454e5fc854e8d1ed9ec2a3a346a59",
    "UniGetUI.PackageEngine.Classes.dll": "b5fafb274e1dc8e776015c6ed33618d4",
    "UniGetUI.PackageEngine.Classes.pdb": "b88e08374f445642a218713a783f9ab8",
    "UniGetUI.PackageEngine.Interfaces.dll": "76898a57f5e6b665aba5a76909465f88",
    "UniGetUI.PackageEngine.Interfaces.pdb": "985477a4c774abe8cd60b3c3298cb7ad",
    "UniGetUI.PackageEngine.Managers.Cargo.dll": "d4aed99040e7a16100857d13f5d8ec41",
    "UniGetUI.PackageEngine.Managers.Cargo.pdb": "92d2c6889a0cf26c4a027ac0e4b194a6",
    "UniGetUI.PackageEngine.Managers.Chocolatey.dll": "9831d8ffd7c726ab0d68493119dfd39f",
    "UniGetUI.PackageEngine.Managers.Chocolatey.pdb": "68ba259a34a2cdd6ab4d197a21deeb4a",
    "UniGetUI.PackageEngine.Managers.Dotnet.dll": "3f8c5345a74dd5de2a901cde73be288f",
    "UniGetUI.PackageEngine.Managers.Dotnet.pdb": "4862ee932ffac6c7e131b54510171716",
    "UniGetUI.PackageEngine.Managers.Generic.NuGet.dll": "33da81477274de00348925ff0c70fc2b",
    "UniGetUI.PackageEngine.Managers.Generic.NuGet.pdb": "84f1e900dbc0c9e204e624eec7089ff5",
    "UniGetUI.PackageEngine.Managers.Npm.dll": "6457bd7f489b56c43b6aee6bf26edd14",
    "UniGetUI.PackageEngine.Managers.Npm.pdb": "31e47c7b9b411202a48023a198e4d29d",
    "UniGetUI.PackageEngine.Managers.Pip.dll": "99d2dadefc6691fb2ed426349c483010",
    "UniGetUI.PackageEngine.Managers.Pip.pdb": "430642e4c64e7306a4892b4ea6d3275b",
    "UniGetUI.PackageEngine.Managers.PowerShell.dll": "977fd238d9ab7241cdbb1ba92b2a69df",
    "UniGetUI.PackageEngine.Managers.PowerShell.pdb": "9ff9b15df00f24e32f56aa8d40ee4871",
    "UniGetUI.PackageEngine.Managers.PowerShell7.dll": "6ad7bd41de753b555d070ec4d96b6784",
    "UniGetUI.PackageEngine.Managers.PowerShell7.pdb": "4aa7cdfe210b67c51b8f73c00f649c56",
    "UniGetUI.PackageEngine.Managers.Scoop.dll": "625afb891bf2328116b086d7b096bc52",
    "UniGetUI.PackageEngine.Managers.Scoop.pdb": "b0b655c393ab60a663b0d653954d5000",
    "UniGetUI.PackageEngine.Managers.Vcpkg.dll": "94e195f70ef7f815e764f4e04df879a6",
    "UniGetUI.PackageEngine.Managers.Vcpkg.pdb": "6b6b460cfa3ab46c558989c1a7ccbb6c",
    "UniGetUI.PackageEngine.Managers.WinGet.dll": "5eb028cd924bb797bf20101765db9264",
    "UniGetUI.PackageEngine.Managers.WinGet.pdb": "1059a4dd264adbebb41d883639f8950d",
    "UniGetUI.PackageEngine.Operations.dll": "e0cb321cd600802ceb26bbf725b59a5a",
    "UniGetUI.PackageEngine.Operations.pdb": "920cf9c988f643ed3a98939fbb80424a",
    "UniGetUI.PackageEngine.PEInterface.dll": "8ee520185037d564e7d4e3c77adecc8a",
    "UniGetUI.PackageEngine.PEInterface.pdb": "bfec0fea5a543e0f9ed67f679a6fb70a",
    "UniGetUI.PackageEngine.PackageLoaders.dll": "93eb16213d0c832fb62226cc63b1285f",
    "UniGetUI.PackageEngine.PackageLoaders.pdb": "ce5a055e658c10a707d0c5a55d1de369",
    "UniGetUI.PackageEngine.Serializable.dll": "da7cf80deab7bceb128d643f793a3787",
    "UniGetUI.PackageEngine.Serializable.pdb": "cbf0eb040d0f06a7be46bf62640848bd",
    "UniGetUI.PackageEngine.Structs.dll": "48a36898015343075d23fe55dc4a5ae3",
    "UniGetUI.PackageEngine.Structs.pdb": "1cea8b4169c35636634256493fc0a1bb",
    "UniGetUI.deps.json": "1d9c3d5ebe3b320cbe06196fcaa5c447",
    "UniGetUI.dll": "fb6b13fcf397ac6037944d881d2fdfda",
    "UniGetUI.exe": "ad81b3f4591ebe13014cb665d739cf92",
    "UniGetUI.pdb": "48e28f911c1f101a8851ab477ab3b883",
    "UniGetUI.runtimeconfig.json": "6fe33984c68c52b6e715e87aad518253",
    "WebView2Loader.dll": "6b87a007afdd25f0b578dbaf7373776c",
    "WinRT.Runtime.dll": "60568712bb304920020b32e09c31a2c7",
    "WinUIEdit.dll": "b113c54eb1d3b35c1e415289d866f60f",
    "WindowsAppRuntime.DeploymentExtensions.OneCore.dll": "6dabd2ddc5cd791f2b12bb9e490f3dc0",
    "WindowsAppRuntime.png": "0c611d40aa8095ae7f100e96bad42e74",
    "WindowsAppSdk.AppxDeploymentExtensions.Desktop-EventLog-Instrumentation.dll": "03cffe2342190019bcf0366554a313e7",
    "WindowsAppSdk.AppxDeploymentExtensions.Desktop.dll": "fe97b3dbeff0d69b49f7c562bad7f8f8",
    "WingetUI.exe": "ad81b3f4591ebe13014cb665d739cf92",
    "YamlDotNet.dll": "fbcec778efa43210d8f4b154f8cce8d1",
    "af-ZA/Microsoft.UI.Xaml.Phone.dll.mui": "c190073d2c19299ad1d1583832508942",
    "af-ZA/Microsoft.ui.xaml.dll.mui": "33fdadbc228594251793613efa935512",
    "am-ET/Microsoft.UI.Xaml.Phone.dll.mui": "c05de682a5f2d4a792e55af9275433c0",
    "am-ET/Microsoft.ui.xaml.dll.mui": "b6eed5b30e02998e43563c57b60065f4",
    "ar-SA/Microsoft.UI.Xaml.Phone.dll.mui": "b472f3e42e36c924a6d37fe750f6dbf7",
    "ar-SA/Microsoft.ui.xaml.dll.mui": "9779d6dc354620517ef0a2f7581ddeea",
    "as-IN/Microsoft.UI.Xaml.Phone.dll.mui": "b7a10e075f61ee3e5b8843be3d87aa11",
    "as-IN/Microsoft.ui.xaml.dll.mui": "7004d34d7bc48e5fb72d135d352e343e",
    "aspnetcorev2_inprocess.dll": "14e98aae924ddbbc976031b60a1c8db1",
    "az-Latn-AZ/Microsoft.UI.Xaml.Phone.dll.mui": "1f2981fc336311e5114cc9f9922dcb72",
    "az-Latn-AZ/Microsoft.ui.xaml.dll.mui": "1e34b8ec4147018912389008a09a46a1",
    "bg-BG/Microsoft.UI.Xaml.Phone.dll.mui": "d98ee2ab1aec861c4df7dcd33b7ed9c5",
    "bg-BG/Microsoft.ui.xaml.dll.mui": "c3b4147f03048580ca5f7e63aca80030",
    "bn-IN/Microsoft.UI.Xaml.Phone.dll.mui": "47b6beeb9b45ce2840053bab4d2afd4d",
    "bn-IN/Microsoft.ui.xaml.dll.mui": "bb98664b14151e3ab16cfd662ce6f1b0",
    "bs-Latn-BA/Microsoft.UI.Xaml.Phone.dll.mui": "d8eb5e67bce665bfbf91423f6659e5f9",
    "bs-Latn-BA/Microsoft.ui.xaml.dll.mui": "75118d218c0df0c56f8ace55b8f18087",
    "ca-ES/Microsoft.UI.Xaml.Phone.dll.mui": "a4d1641e0a05d94cef4d48ae59e75330",
    "ca-ES/Microsoft.ui.xaml.dll.mui": "1598033e8099ffb934a320c7299a3628",
    "ca-Es-VALENCIA/Microsoft.UI.Xaml.Phone.dll.mui": "ea8e7bcacbc5f50ae0038435cac234cb",
    "ca-Es-VALENCIA/Microsoft.ui.xaml.dll.mui": "1497509f5033d5c1c98e1cadfe8d168e",
    "clretwrc.dll": "4a304f99392017726053a32ae5e3caf7",
    "clrgc.dll": "6747f18b43f6277cae91157b19922e3a",
    "clrjit.dll": "27919aced8d621eb4a64b7f37d8efbf3",
    "coreclr.dll": "17e6546197d6ded2c791477728bc46a9",
    "createdump.exe": "ab69fbf2c90e8eddcafeaa7706bf565c",
    "cs-CZ/Microsoft.UI.Xaml.Phone.dll.mui": "d297f9432c2b8151cb328956381548ef",
    "cs-CZ/Microsoft.ui.xaml.dll.mui": "efe3e8b0275e853cb8cf637da896e889",
    "cy-GB/Microsoft.UI.Xaml.Phone.dll.mui": "7eb4424e5ce0fdf5e6c43dfcfd2e3fc1",
    "cy-GB/Microsoft.ui.xaml.dll.mui": "0f351dc48500a86cfd0c87fa5b673b5d",
    "da-DK/Microsoft.UI.Xaml.Phone.dll.mui": "9c94685d8da91953ff037459525a37bd",
    "da-DK/Microsoft.ui.xaml.dll.mui": "f30c22779bd6a396ace9ab1a9d0a5296",
    "dcompi.dll": "1a88c0778bed92735f939682bfada249",
    "de-DE/Microsoft.UI.Xaml.Phone.dll.mui": "8cec96e8646804845d2be7a5d27baf0a",
    "de-DE/Microsoft.ui.xaml.dll.mui": "2e6b8cb5836422bbddd4d32ef15f22b9",
    "dwmcorei.dll": "5e24254b3972cdf8a48162e75aa10084",
    "el-GR/Microsoft.UI.Xaml.Phone.dll.mui": "c45a0841b380f342f653eab6b2b2747b",
    "el-GR/Microsoft.ui.xaml.dll.mui": "c3d6fd63a3ad2d008de3f816d49e9b30",
    "en-GB/Microsoft.UI.Xaml.Phone.dll.mui": "0cd4800047cebc8892e30e7bec659530",
    "en-GB/Microsoft.ui.xaml.dll.mui": "c9f5ff6f3d02616de8829f4a905fd0e7",
    "en-us/Microsoft.UI.Xaml.Phone.dll.mui": "eebe6909acec53dd7a32c6a510ef218a",
    "en-us/Microsoft.ui.xaml.dll.mui": "1ae3e7592323df75e271da6908df579b",
    "es-ES/Microsoft.UI.Xaml.Phone.dll.mui": "f786d698894e601fa308cf6c0c51946a",
    "es-ES/Microsoft.ui.xaml.dll.mui": "acef79258a55da0975264bc22c09603d",
    "es-MX/Microsoft.UI.Xaml.Phone.dll.mui": "808ee6f874d17bcaa1eef78e7d4991a8",
    "es-MX/Microsoft.ui.xaml.dll.mui": "5ff56170096ca3146880b5b22f5877e3",
    "et-EE/Microsoft.UI.Xaml.Phone.dll.mui": "a588548d6290d7dd8535b89a370bdb58",
    "et-EE/Microsoft.ui.xaml.dll.mui": "d7653e51340edf226ee39025666f050c",
    "eu-ES/Microsoft.UI.Xaml.Phone.dll.mui": "2e9f341bdfd134d05a6d172a3e799386",
    "eu-ES/Microsoft.ui.xaml.dll.mui": "5a20eaed8df24865f0388d0075bf19fc",
    "fa-IR/Microsoft.UI.Xaml.Phone.dll.mui": "fec65030ea0cf7ffd622cefa9a0da843",
    "fa-IR/Microsoft.ui.xaml.dll.mui": "15fd15d86b1498921b1a7c76814dd92d",
    "fi-FI/Microsoft.UI.Xaml.Phone.dll.mui": "a234e2ae283a38470eecc0bf25e4dd46",
    "fi-FI/Microsoft.ui.xaml.dll.mui": "0994e1330edee1eaf3241a60d02746e0",
    "fil-PH/Microsoft.UI.Xaml.Phone.dll.mui": "ca7ec122082b0045fb1b7b1772919f7e",
    "fil-PH/Microsoft.ui.xaml.dll.mui": "0b87ab5fdfedb42b2d4b758eb6c007d6",
    "fr-CA/Microsoft.UI.Xaml.Phone.dll.mui": "1b7d5188845442dd67addec2ab10359b",
    "fr-CA/Microsoft.ui.xaml.dll.mui": "77ac341a775c49166a9491cf3d166c38",
    "fr-FR/Microsoft.UI.Xaml.Phone.dll.mui": "ce97c96155329d53308067aa881527e9",
    "fr-FR/Microsoft.ui.xaml.dll.mui": "6b46c807b6e914e46f7a2f3f9f854b80",
    "ga-IE/Microsoft.UI.Xaml.Phone.dll.mui": "835f3465ebe60a44404899473162899c",
    "ga-IE/Microsoft.ui.xaml.dll.mui": "2b884469ad2a94b53624cc3077bc0207",
    "gd-gb/Microsoft.UI.Xaml.Phone.dll.mui": "08a19f231017051629cd5b90bf8ebdb3",
    "gd-gb/Microsoft.ui.xaml.dll.mui": "8b2602ae45cdecaefb73922fbcdd6f99",
    "gl-ES/Microsoft.UI.Xaml.Phone.dll.mui": "e417afe9be5c544a72c166caf0645a7d",
    "gl-ES/Microsoft.ui.xaml.dll.mui": "b8fd0d02300e34aaee15cc5bb337bdd4",
    "gu-IN/Microsoft.UI.Xaml.Phone.dll.mui": "fec3f6a67e215a587c0e5494ee7e71d4",
    "gu-IN/Microsoft.ui.xaml.dll.mui": "b8ba3c1793f6060f53e084ab3fc9013e",
    "he-IL/Microsoft.UI.Xaml.Phone.dll.mui": "747efac658595cd10d985068359fc0b2",
    "he-IL/Microsoft.ui.xaml.dll.mui": "27f32b65345e15c032c5d98c6469468b",
    "hi-IN/Microsoft.UI.Xaml.Phone.dll.mui": "ef6c8b13e9bfbe8dc0d18fe9555029c6",
    "hi-IN/Microsoft.ui.xaml.dll.mui": "d402ab2675b97841f9ce622d659ced73",
    "hostfxr.dll": "64085d9ec3a85343be77cf10c96b1da6",
    "hostpolicy.dll": "8e5a10926c04beff2fcfa1c5bdd4435f",
    "hr-HR/Microsoft.UI.Xaml.Phone.dll.mui": "ae90a8463df8cf3f96655308415b3e0a",
    "hr-HR/Microsoft.ui.xaml.dll.mui": "46ab3dc261bf8123ba25e78eb64f7ae6",
    "hu-HU/Microsoft.UI.Xaml.Phone.dll.mui": "3a9644115a316c184b66e98359c55111",
    "hu-HU/Microsoft.ui.xaml.dll.mui": "9e7e849e26724e8bc44cd2e7130f52ee",
    "hy-AM/Microsoft.UI.Xaml.Phone.dll.mui": "a6e0da9c8eb3ece94c11517ad7625ca5",
    "hy-AM/Microsoft.ui.xaml.dll.mui": "2431f552df9d5172b3cfb802a540926b",
    "id-ID/Microsoft.UI.Xaml.Phone.dll.mui": "5b77af276283b767e0308219697d6dba",
    "id-ID/Microsoft.ui.xaml.dll.mui": "47d5b61a89458ca32967b2c78b0d6ffe",
    "is-IS/Microsoft.UI.Xaml.Phone.dll.mui": "e88ad6d54d4a279a62f9c7d999a1e9dd",
    "is-IS/Microsoft.ui.xaml.dll.mui": "19ae83a25bc18b1b93c29e27c962c137",
    "it-IT/Microsoft.UI.Xaml.Phone.dll.mui": "ae22bc56e73f6c5334bf6ffaa33ae556",
    "it-IT/Microsoft.ui.xaml.dll.mui": "13b8d5a7d5ddf5b15df9eed420835a01",
    "ja-JP/Microsoft.UI.Xaml.Phone.dll.mui": "7bb241f67c2494ddc4cbd447ea5700a2",
    "ja-JP/Microsoft.ui.xaml.dll.mui": "11353782e33fccd6acbe61a5b0044664",
    "ka-GE/Microsoft.UI.Xaml.Phone.dll.mui": "b822845328dde3ab466a089d37783812",
    "ka-GE/Microsoft.ui.xaml.dll.mui": "b089671ba3f2c69a5ba6c7a25822baaa",
    "kk-KZ/Microsoft.UI.Xaml.Phone.dll.mui": "42ba9ab5ed828c323ba7b0cac7afcb72",
    "kk-KZ/Microsoft.ui.xaml.dll.mui": "396c20a17cc6c12b22a4a21e9986febd",
    "km-KH/Microsoft.UI.Xaml.Phone.dll.mui": "76ea609b40687abba7acde62b9cc9774",
    "km-KH/Microsoft.ui.xaml.dll.mui": "35f169a9aa546c8361dd659d8c87cad6",
    "kn-IN/Microsoft.UI.Xaml.Phone.dll.mui": "60af010ce780a402d4b356228d9fc7e8",
    "kn-IN/Microsoft.ui.xaml.dll.mui": "f5711e43b22d27192f1145891720bf26",
    "ko-KR/Microsoft.UI.Xaml.Phone.dll.mui": "a88f7ef3587ac10cf37a45c7e701bc53",
    "ko-KR/Microsoft.ui.xaml.dll.mui": "8e3d12f62b94f075503b98e7145b6891",
    "kok-IN/Microsoft.UI.Xaml.Phone.dll.mui": "3636df4847eab5f70e5b7f38ef422e96",
    "kok-IN/Microsoft.ui.xaml.dll.mui": "843c740b4296e6cf91432b43bacc1ffb",
    "lb-LU/Microsoft.UI.Xaml.Phone.dll.mui": "2db9e8674c89e72d6e18c779fa8e060b",
    "lb-LU/Microsoft.ui.xaml.dll.mui": "b5ad4d3b4ac65c4971cd2e6347380f4b",
    "lo-LA/Microsoft.UI.Xaml.Phone.dll.mui": "5b7dae8a69815b0ab14b5b9fabbd727c",
    "lo-LA/Microsoft.ui.xaml.dll.mui": "bb12db6e950a5239437f3ced46ec24b9",
    "lt-LT/Microsoft.UI.Xaml.Phone.dll.mui": "4bee371a4df7f22465aa3cd242667600",
    "lt-LT/Microsoft.ui.xaml.dll.mui": "e8957681420021a84adba5b699a1c048",
    "lv-LV/Microsoft.UI.Xaml.Phone.dll.mui": "4f254456bf1471fd917656aebbcd378c",
    "lv-LV/Microsoft.ui.xaml.dll.mui": "aad078190f014c1f2503604b7a82e751",
    "marshal.dll": "bce0ec9a42a03273ac2c2638961dfcab",
    "mi-NZ/Microsoft.UI.Xaml.Phone.dll.mui": "1924629c5a8dddca7a0a3e4eec0c627d",
    "mi-NZ/Microsoft.ui.xaml.dll.mui": "edc7810db2d55c29ecf6d13de85318f1",
    "mk-MK/Microsoft.UI.Xaml.Phone.dll.mui": "dcf4dbc2717dbf73f97485ba271dc9c6",
    "mk-MK/Microsoft.ui.xaml.dll.mui": "876bc815f0a2e26a8ad234254a57a840",
    "ml-IN/Microsoft.UI.Xaml.Phone.dll.mui": "eb9d20b299da52b5b7832ecee670e195",
    "ml-IN/Microsoft.ui.xaml.dll.mui": "739503d5948ac8c3e8c552fd86edbcb6",
    "mr-IN/Microsoft.UI.Xaml.Phone.dll.mui": "a5f12978fe4389673137c4f3dac3fa06",
    "mr-IN/Microsoft.ui.xaml.dll.mui": "1eb8f355ba8d231c0742e36d7442b497",
    "ms-MY/Microsoft.UI.Xaml.Phone.dll.mui": "7c492df4686ed864b2b2778ca7b951ad",
    "ms-MY/Microsoft.ui.xaml.dll.mui": "0c7a874c3ba9c87dfd077360eb99963b",
    "mscordaccore.dll": "837d930edf3c2df4b3a6dc620c1d031e",
    "mscordaccore_amd64_amd64_8.0.2025.41914.dll": "d63ca451bd588087b42ee9dfbe5707ae",
    "mscordbi.dll": "19a52253d1cbab12082216227ea9ec36",
    "mscorrc.dll": "1610eabcd21fe8ffb355d2e545a48bba",
    "msquic.dll": "3a3a306c7b9090ae1ae47ad548b1bc6f",
    "mt-MT/Microsoft.UI.Xaml.Phone.dll.mui": "d023f5b7c4f44aff9e7a836e797d984c",
    "mt-MT/Microsoft.ui.xaml.dll.mui": "ad8ae302cc209f3c020f3e00874aa4f5",
    "nb-NO/Microsoft.UI.Xaml.Phone.dll.mui": "c7d01d25e455745dbf377ac1350b29c9",
    "nb-NO/Microsoft.ui.xaml.dll.mui": "1b8bf63e5afc4f12919479b69bf732bf",
    "ne-NP/Microsoft.UI.Xaml.Phone.dll.mui": "2c95d8a8126945d7e13ff8865004f4b4",
    "ne-NP/Microsoft.ui.xaml.dll.mui": "bd5e8f8b26836839a053731eefe29d61",
    "netstandard.dll": "7805a2f0f6e40399cab82543edaeb6da",
    "nl-NL/Microsoft.UI.Xaml.Phone.dll.mui": "519721bc16b634f21bb9c6da62791957",
    "nl-NL/Microsoft.ui.xaml.dll.mui": "49b01df3105d2c5c472fb4d4340313f2",
    "nn-NO/Microsoft.UI.Xaml.Phone.dll.mui": "fd1be41cc134e81dd7fcb4af62934343",
    "nn-NO/Microsoft.ui.xaml.dll.mui": "892e4945ddb5faa10bc9760f2de8e72e",
    "or-IN/Microsoft.UI.Xaml.Phone.dll.mui": "aff099a7ab362f2bfe9c1adfce1c0495",
    "or-IN/Microsoft.ui.xaml.dll.mui": "9eccdb286e71f2ca3e1a6213b1e5ef64",
    "pa-IN/Microsoft.UI.Xaml.Phone.dll.mui": "5f2962dda97dc11e6cf06a82751d38f4",
    "pa-IN/Microsoft.ui.xaml.dll.mui": "bce77581e672fd9926da97013250523e",
    "pl-PL/Microsoft.UI.Xaml.Phone.dll.mui": "a20e2b1a5bea7d0f143ffaa6f09b7aa2",
    "pl-PL/Microsoft.ui.xaml.dll.mui": "a8c935ecb414430eb2d26b7016327766",
    "pt-BR/Microsoft.UI.Xaml.Phone.dll.mui": "97e6cc685ccfff5ae2abbed520c1fa10",
    "pt-BR/Microsoft.ui.xaml.dll.mui": "2c134ab78b688c18a959a165a7e1e136",
    "pt-PT/Microsoft.UI.Xaml.Phone.dll.mui": "8295036a04ff56c1d12dd29076316829",
    "pt-PT/Microsoft.ui.xaml.dll.mui": "9d14e09e49072b719730f8afa436d4b6",
    "quz-PE/Microsoft.UI.Xaml.Phone.dll.mui": "b194b62d66d8c261523ba379e10f791d",
    "quz-PE/Microsoft.ui.xaml.dll.mui": "4cf18c2e2b3a26f956d94e8904bd086d",
    "resources.pri": "249d62bc38db082f46c4f07080b5de34",
    "ro-RO/Microsoft.UI.Xaml.Phone.dll.mui": "10b9ad9277cf65b44e5d56a370cdc8b8",
    "ro-RO/Microsoft.ui.xaml.dll.mui": "b7e6d05f5bc1c9fa7cf9ff5bb8a88972",
    "ru-RU/Microsoft.UI.Xaml.Phone.dll.mui": "1e0c0e63a2e3243b8d221956ff607252",
    "ru-RU/Microsoft.ui.xaml.dll.mui": "f8b247f9e89b3abb4095c430c00d70f4",
    "sk-SK/Microsoft.UI.Xaml.Phone.dll.mui": "61ad4b847ccc198a65d8ed39f942a449",
    "sk-SK/Microsoft.ui.xaml.dll.mui": "84af2636e978bc850e9000de153cd18b",
    "sl-SI/Microsoft.UI.Xaml.Phone.dll.mui": "fd10033578bea4ce4c9f45228b78ae8d",
    "sl-SI/Microsoft.ui.xaml.dll.mui": "bfbd5e024613e71da6cef2f9775fc17d",
    "sq-AL/Microsoft.UI.Xaml.Phone.dll.mui": "c3a07455b238b4450401b3cf293ea1ee",
    "sq-AL/Microsoft.ui.xaml.dll.mui": "b08d0b2e9e9e0b2f7c8686e665b752bb",
    "sr-Cyrl-BA/Microsoft.UI.Xaml.Phone.dll.mui": "2bc5477b9887be8eaa5150c88f908ea2",
    "sr-Cyrl-BA/Microsoft.ui.xaml.dll.mui": "aea02e26fca065e9a3bddfbd0732218e",
    "sr-Cyrl-RS/Microsoft.UI.Xaml.Phone.dll.mui": "3c447a488fb6ff850dbb93efb0cd02cb",
    "sr-Cyrl-RS/Microsoft.ui.xaml.dll.mui": "695d42bbc687f85e9c28c8328f743171",
    "sr-Latn-RS/Microsoft.UI.Xaml.Phone.dll.mui": "cd7560d17fb330e7862c6454223beffe",
    "sr-Latn-RS/Microsoft.ui.xaml.dll.mui": "5795b91d33134042e19da2fe8057569c",
    "sv-SE/Microsoft.UI.Xaml.Phone.dll.mui": "27370c1c93b0c79a421e663883982f52",
    "sv-SE/Microsoft.ui.xaml.dll.mui": "25ac8e7cb73affaf5025a48ea0066ac7",
    "ta-IN/Microsoft.UI.Xaml.Phone.dll.mui": "62533fdab62fbe66cb89b34a02f8614f",
    "ta-IN/Microsoft.ui.xaml.dll.mui": "c25b8ccc954ad94fab66c0333478f836",
    "te-IN/Microsoft.UI.Xaml.Phone.dll.mui": "7e8955c7512fc2087041c61b7e631548",
    "te-IN/Microsoft.ui.xaml.dll.mui": "a2ca0b1a18d1fae9a32a68b370dbd45f",
    "th-TH/Microsoft.UI.Xaml.Phone.dll.mui": "9d5a6bfdf3395e59e3944b20cb183caa",
    "th-TH/Microsoft.ui.xaml.dll.mui": "ab87d44afeee9024dfc5738c8fb1cca1",
    "tr-TR/Microsoft.UI.Xaml.Phone.dll.mui": "75ae9b29b70c4ffd8e5dbc4c627257a1",
    "tr-TR/Microsoft.ui.xaml.dll.mui": "871127172cc5c282628c7c085e4977c8",
    "tt-RU/Microsoft.UI.Xaml.Phone.dll.mui": "33d3bc9bcbf8cc2b60a2457cb41af947",
    "tt-RU/Microsoft.ui.xaml.dll.mui": "6aea771259158d0876049f7773dfee7b",
    "ug-CN/Microsoft.UI.Xaml.Phone.dll.mui": "624ddb1a86b87435236c62b6e844662d",
    "ug-CN/Microsoft.ui.xaml.dll.mui": "01f63433b74e773cb541f51b33eeac0b",
    "uk-UA/Microsoft.UI.Xaml.Phone.dll.mui": "f4f90085c68c5f6c276e7029e65279bb",
    "uk-UA/Microsoft.ui.xaml.dll.mui": "60ad2ef08a6d6ed79eff883e0a07ce93",
    "ur-PK/Microsoft.UI.Xaml.Phone.dll.mui": "fd99e49a5df2a9e6ba3d9a3ed334e472",
    "ur-PK/Microsoft.ui.xaml.dll.mui": "cd577c5fc41d4f3339ce705091f49409",
    "uz-Latn-UZ/Microsoft.UI.Xaml.Phone.dll.mui": "c1209ce0af99d9c1a1ebb6b52ea15aba",
    "uz-Latn-UZ/Microsoft.ui.xaml.dll.mui": "bc76d36f5e607282c18fae64e989a2fd",
    "vi-VN/Microsoft.UI.Xaml.Phone.dll.mui": "a0a28a976deff06340b82897e19197c2",
    "vi-VN/Microsoft.ui.xaml.dll.mui": "a4944dbfc74c15dbfae5cc990c477417",
    "winget-cli_x64/AppInstallerBackgroundTasks.dll": "19fd403271062267c40882245228e438",
    "winget-cli_x64/Microsoft.Management.Configuration.dll": "be950ffea3a16d578303c107021421c3",
    "winget-cli_x64/Microsoft.Web.WebView2.Core.dll": "10101a87c53a4e3d4a016a4d4bda31e6",
    "winget-cli_x64/WindowsPackageManager.dll": "b59f429ceac39f380153100b751bc220",
    "winget-cli_x64/WindowsPackageManagerServer.exe": "580f83f06b6d87f9625545abd95f1034",
    "winget-cli_x64/concrt140_app.dll": "12e45a362a21898d50b468ed52df13fb",
    "winget-cli_x64/msvcp140_1_app.dll": "f261ee6a2df539dafa4f2c622d43f139",
    "winget-cli_x64/msvcp140_2_app.dll": "7f8adda040f0be34433ba235389f6482",
    "winget-cli_x64/msvcp140_app.dll": "4e632650980e823206ef87df36bf8446",
    "winget-cli_x64/resources.pri": "7be429fe18987c8cf804b694a7db13da",
    "winget-cli_x64/vcamp140_app.dll": "0c2b1e12907a1cdc1682f382ab18e615",
    "winget-cli_x64/vccorlib140_app.dll": "f0baae67028ec96c73c0bfd930d8487f",
    "winget-cli_x64/vcomp140_app.dll": "cf98ec3bc2c67d08b3fb946fd486ebce",
    "winget-cli_x64/vcruntime140_1_app.dll": "41db67acb5410ffbfcf001842735ae58",
    "winget-cli_x64/vcruntime140_app.dll": "f8f4194c165b246d5eaf38ea036d438b",
    "winget-cli_x64/winget.exe": "951822ec04ce1bda1c02c6a807c22949",
    "workloads.365.json": "0888b519d331a228096dcf9912944329",
    "workloads.json": "e373b7c75ffb9116046aad15584a0369",
    "workloads.lnl.json": "70f7d1d9900f0c681853180f35441638",
    "workloads.qnn.json": "1db7d1df0ec70c7734ecb984dd432104",
    "workloads.stx.json": "5143889c587bacbd7d41e63329b607a3",
    "wuceffectsi.dll": "92edde6fa41c1afa62d74705da6beb18",
    "zh-CN/Microsoft.UI.Xaml.Phone.dll.mui": "8428754ca88133f43a209af47122e5ff",
    "zh-CN/Microsoft.ui.xaml.dll.mui": "a3447f7fd81973ceb371c876888f6578",
    "zh-TW/Microsoft.UI.Xaml.Phone.dll.mui": "db2574f7bb91e28b3ecd9af74d85a726",
    "zh-TW/Microsoft.ui.xaml.dll.mui": "5b169dc24d91ddfc671b57d58ea870b2"
}