{
  "runtimeOptions": {
    "tfm": "net8.0",
    "includedFrameworks": [
      {
        "name": "Microsoft.NETCore.App",
        "version": "8.0.20"
      },
      {
        "name": "Microsoft.AspNetCore.App",
        "version": "8.0.20"
      }
    ],
    "configProperties": {
      "CSWINRT_ENABLE_DYNAMIC_OBJECTS_SUPPORT": true,
      "CSWINRT_USE_EXCEPTION_RESOURCE_KEYS": false,
      "CSWINRT_ENABLE_DEFAULT_CUSTOM_TYPE_MAPPINGS": true,
      "CSWINRT_ENABLE_ICUSTOMPROPERTYPROVIDER_SUPPORT": true,
      "CSWINRT_ENABLE_IREFERENCE_SUPPORT": true,
      "CSWINRT_ENABLE_IDYNAMICINTERFACECASTABLE": true,
      "Microsoft.Extensions.DependencyInjection.VerifyOpenGenericServiceTrimmability": true,
      "System.ComponentModel.TypeConverter.EnableUnsafeBinaryFormatterInDesigntimeLicenseContextSerialization": false,
      "System.Reflection.Metadata.MetadataUpdater.IsSupported": false,
      "System.Resources.ResourceManager.AllowCustomResourceTypes": false,
      "System.Runtime.InteropServices.BuiltInComInterop.IsSupported": true,
      "System.Runtime.InteropServices.EnableConsumingManagedCodeFromNativeHosting": false,
      "System.Runtime.InteropServices.EnableCppCLIHostActivation": false,
      "System.Runtime.InteropServices.Marshalling.EnableGeneratedComInterfaceComImportInterop": false,
      "System.Runtime.Serialization.EnableUnsafeBinaryFormatterSerialization": false,
      "System.Runtime.TieredCompilation": true,
      "System.StartupHookProvider.IsSupported": false,
      "System.Text.Encoding.EnableUnsafeUTF7Encoding": false,
      "System.Text.Json.JsonSerializer.IsReflectionEnabledByDefault": false,
      "System.Threading.Thread.EnableAutoreleasePool": false,
      "CSWINRT_USE_WINDOWS_UI_XAML_PROJECTIONS": false
    }
  }
}