{
  "default": "System language",
  "af": "Afrikaans - Afrikaans",
  "ar": "Arabic - عربي‎",
  "be": "Belarusian - беларуская",
  "bg": "Bulgarian - български",
  "bn": "Bangla - বাংলা",
  "ca": "Catalan - Català",
  "cs": "Czech - Čeština",
  "da": "Danish - Dansk",
  "de": "German - Deutsch",
  "el": "Greek - Ελληνικά",
  "et": "Estonian - Eesti",
  "en": "English - English",
  "es": "Spanish - Castellano",
  "es-MX": "Spanish (Mexico)",
  "fa": "Persian - فارسی‎",
  "fi": "Finnish - Suomi",
  "fil": "Filipino - Filipino",
  "fr": "French - Français",
  "gl": "Galician - Galego",
  "gu": "Gujarati - ગુજરાતી",
  "hi": "Hindi - हिंदी",
  "hr": "Croatian - Hrvatski",
  "he": "Hebrew - עִבְרִית‎",
  "hu": "Hungarian - Magyar",
  "it": "Italian - Italiano",
  "id": "Indonesian - Bahasa Indonesia",
  "ja": "Japanese - 日本語",
  "ka": "Georgian - ქართული",
  "kn": "Kannada - ಕನ್ನಡ",
  "ko": "Korean - 한국어",
  "lt": "Lithuanian - Lietuvių",
  "mk": "Macedonian - Македонски",
  "mr": "Marathi - मराठी",
  "nb": "Norwegian (bokmål)",
  "nn": "Norwegian (nynorsk)",
  "nl": "Dutch - Nederlands",
  "pl": "Polish - Polski",
  "pt_BR": "Portuguese (Brazil)",
  "pt_PT": "Portuguese (Portugal)",
  "ro": "Romanian - Română",
  "ru": "Russian - Русский",
  "sa": "Sanskrit - संस्कृत भाषा",
  "sk": "Slovak - Slovenčina",
  "sr": "Serbian - Srpski",
  "sq": "Albanian - Shqip",
  "si": "Sinhala - සිංහල",
  "sl": "Slovene - Slovenščina",
  "sv": "Swedish - Svenska",
  "ta": "Tamil - தமிழ்",
  "tg": "Tagalog - Tagalog",
  "th": "Thai - ภาษาไทย",
  "tr": "Turkish - Türkçe",
  "ua": "Ukrainian - Українська",
  "ur": "Urdu - اردو",
  "vi": "Vietnamese - Tiếng Việt",
  "zh_CN": "Simplified Chinese (China)",
  "zh_TW": "Traditional Chinese (Taiwan)"
}