{
  "af": [
    {
      "name": "Hendrik Bezuidenhout",
      "link": ""
    }
  ],
  "ar": [
    {
      "name": "Abdu11ahAS",
      "link": "https://github.com/Abdu11ahAS"
    },
    {
      "name": "Abdullah-Dev115",
      "link": "https://github.com/Abdullah-Dev115"
    },
    {
      "name": "AbdullahAlousi",
      "link": "https://github.com/AbdullahAlousi"
    },
    {
      "name": "bassuny3003",
      "link": "https://github.com/bassuny3003"
    },
    {
      "name": "DaRandomCube",
      "link": "https://github.com/DaRandomCube"
    },
    {
      "name": "FancyCookin",
      "link": "https://github.com/FancyCookin"
    },
    {
      "name": "IFrxo",
      "link": "https://github.com/IFrxo"
    },
    {
      "name": "mo9a7i",
      "link": "https://github.com/mo9a7i"
    }
  ],
  "be": [
    {
      "name": "bthos",
      "link": "https://github.com/bthos"
    }
  ],
  "bg": [
    {
      "name": "Vasil Kolev",
      "link": ""
    }
  ],
  "bn": [
    {
      "name": "fluentmoheshwar",
      "link": "https://github.com/fluentmoheshwar"
    },
    {
      "name": "itz-rj-here",
      "link": "https://github.com/itz-rj-here"
    },
    {
      "name": "Mushfiq Iqbal Rayon",
      "link": ""
    },
    {
      "name": "Nilavra Bhattacharya",
      "link": ""
    },
    {
      "name": "samiulislamsharan",
      "link": "https://github.com/samiulislamsharan"
    }
  ],
  "ca": [
    {
      "name": "marticliment",
      "link": "https://github.com/marticliment"
    }
  ],
  "cs": [
    {
      "name": "mlisko",
      "link": "https://github.com/mlisko"
    },
    {
      "name": "panther7",
      "link": "https://github.com/panther7"
    },
    {
      "name": "xtorlukas",
      "link": "https://github.com/xtorlukas"
    }
  ],
  "da": [
    {
      "name": "AAUCrisp",
      "link": "https://github.com/AAUCrisp"
    },
    {
      "name": "bstordrup",
      "link": "https://github.com/bstordrup"
    },
    {
      "name": "mikkolukas",
      "link": "https://github.com/mikkolukas"
    },
    {
      "name": "siewers",
      "link": "https://github.com/siewers"
    },
    {
      "name": "yrjarv",
      "link": "https://github.com/yrjarv"
    }
  ],
  "de": [
    {
      "name": "1270o1",
      "link": "https://github.com/1270o1"
    },
    {
      "name": "alxhu-dev",
      "link": "https://github.com/alxhu-dev"
    },
    {
      "name": "Araxxas",
      "link": "https://github.com/Araxxas"
    },
    {
      "name": "arnowelzel",
      "link": "https://github.com/arnowelzel"
    },
    {
      "name": "CanePlayz",
      "link": "https://github.com/CanePlayz"
    },
    {
      "name": "Datacra5H",
      "link": "https://github.com/Datacra5H"
    },
    {
      "name": "ebnater",
      "link": "https://github.com/ebnater"
    },
    {
      "name": "martinwilco",
      "link": "https://github.com/martinwilco"
    },
    {
      "name": "michaelmairegger",
      "link": "https://github.com/michaelmairegger"
    },
    {
      "name": "Seeloewen",
      "link": "https://github.com/Seeloewen"
    },
    {
      "name": "TheScarfix",
      "link": "https://github.com/TheScarfix"
    },
    {
      "name": "tkohlmeier",
      "link": "https://github.com/tkohlmeier"
    },
    {
      "name": "VfBFan",
      "link": "https://github.com/VfBFan"
    },
    {
      "name": "yrjarv",
      "link": "https://github.com/yrjarv"
    }
  ],
  "el": [
    {
      "name": "antwnhsx",
      "link": "https://github.com/antwnhsx"
    },
    {
      "name": "panos78",
      "link": "https://github.com/panos78"
    },
    {
      "name": "seijind",
      "link": "https://github.com/seijind"
    },
    {
      "name": "thunderstrike116",
      "link": "https://github.com/thunderstrike116"
    },
    {
      "name": "wobblerrrgg",
      "link": "https://github.com/wobblerrrgg"
    }
  ],
  "en": [
    {
      "name": "lucadsign",
      "link": "https://github.com/lucadsign"
    },
    {
      "name": "marticliment",
      "link": "https://github.com/marticliment"
    },
    {
      "name": "ppvnf",
      "link": "https://github.com/ppvnf"
    }
  ],
  "es": [
    {
      "name": "apazga",
      "link": "https://github.com/apazga"
    },
    {
      "name": "dalbitresb12",
      "link": "https://github.com/dalbitresb12"
    },
    {
      "name": "evaneliasyoung",
      "link": "https://github.com/evaneliasyoung"
    },
    {
      "name": "guplem",
      "link": "https://github.com/guplem"
    },
    {
      "name": "JMoreno97",
      "link": "https://github.com/JMoreno97"
    },
    {
      "name": "marticliment",
      "link": "https://github.com/marticliment"
    },
    {
      "name": "P10Designs",
      "link": "https://github.com/P10Designs"
    },
    {
      "name": "rubnium",
      "link": "https://github.com/rubnium"
    },
    {
      "name": "uKER",
      "link": "https://github.com/uKER"
    }
  ],
  "es-MX": [],
  "et": [
    {
      "name": "artjom3729",
      "link": "https://github.com/artjom3729"
    }
  ],
  "fa": [
    {
      "name": "MobinMardi",
      "link": "https://github.com/MobinMardi"
    }
  ],
  "fi": [
    {
      "name": "simakuutio",
      "link": "https://github.com/simakuutio"
    }
  ],
  "fil": [
    {
      "name": "infyProductions",
      "link": "https://github.com/infyProductions"
    }
  ],
  "fr": [
    {
      "name": "BreatFR",
      "link": ""
    },
    {
      "name": "Entropiness",
      "link": "https://github.com/Entropiness"
    },
    {
      "name": "Evans Costa",
      "link": ""
    },
    {
      "name": "PikPakPik",
      "link": "https://github.com/PikPakPik"
    },
    {
      "name": "Rémi Guerrero",
      "link": ""
    },
    {
      "name": "W1L7dev",
      "link": "https://github.com/W1L7dev"
    }
  ],
  "gl": [],
  "gu": [],
  "he": [
    {
      "name": "maximunited",
      "link": "https://github.com/maximunited"
    },
    {
      "name": "Oryan Hassidim",
      "link": ""
    }
  ],
  "hi": [
    {
      "name": "Ashu-r",
      "link": "https://github.com/Ashu-r"
    },
    {
      "name": "atharva_xoxo",
      "link": "https://github.com/atharva_xoxo"
    },
    {
      "name": "satanarious",
      "link": "https://github.com/satanarious"
    }
  ],
  "hr": [
    {
      "name": "AndrejFeher",
      "link": "https://github.com/AndrejFeher"
    },
    {
      "name": "Ivan Nuić",
      "link": ""
    },
    {
      "name": "Stjepan Treger",
      "link": ""
    }
  ],
  "hu": [
    {
      "name": "gidano",
      "link": "https://github.com/gidano"
    }
  ],
  "id": [
    {
      "name": "agrinfauzi",
      "link": "https://github.com/agrinfauzi"
    },
    {
      "name": "arthackrc",
      "link": "https://github.com/arthackrc"
    },
    {
      "name": "joenior",
      "link": "https://github.com/joenior"
    },
    {
      "name": "nrarfn",
      "link": "https://github.com/nrarfn"
    }
  ],
  "it": [
    {
      "name": "David Senoner",
      "link": ""
    },
    {
      "name": "giacobot",
      "link": "https://github.com/giacobot"
    },
    {
      "name": "maicol07",
      "link": "https://github.com/maicol07"
    },
    {
      "name": "mapi68",
      "link": "https://github.com/mapi68"
    },
    {
      "name": "mrfranza",
      "link": "https://github.com/mrfranza"
    },
    {
      "name": "Rosario Di Mauro",
      "link": ""
    }
  ],
  "ja": [
    {
      "name": "anmoti",
      "link": "https://github.com/anmoti"
    },
    {
      "name": "BHCrusher1",
      "link": "https://github.com/BHCrusher1"
    },
    {
      "name": "nob-swik",
      "link": "https://github.com/nob-swik"
    },
    {
      "name": "Nobuhiro Shintaku",
      "link": ""
    },
    {
      "name": "sho9029",
      "link": ""
    },
    {
      "name": "tacostea",
      "link": "https://github.com/tacostea"
    },
    {
      "name": "Yuki Takase",
      "link": ""
    }
  ],
  "ka": [
    {
      "name": "marticliment",
      "link": "https://github.com/marticliment"
    },
    {
      "name": "ppvnf",
      "link": "https://github.com/ppvnf"
    }
  ],
  "kn": [
    {
      "name": "skanda890",
      "link": "https://github.com/skanda890"
    }
  ],
  "ko": [
    {
      "name": "jihoon416",
      "link": "https://github.com/jihoon416"
    },
    {
      "name": "minbert",
      "link": "https://github.com/minbert"
    },
    {
      "name": "MuscularPuky",
      "link": "https://github.com/MuscularPuky"
    },
    {
      "name": "shblue21",
      "link": "https://github.com/shblue21"
    },
    {
      "name": "thejjw",
      "link": "https://github.com/thejjw"
    },
    {
      "name": "VenusGirl",
      "link": "https://github.com/VenusGirl"
    }
  ],
  "lt": [
    {
      "name": "dziugas1959",
      "link": "https://github.com/dziugas1959"
    },
    {
      "name": "Džiugas Januševičius",
      "link": ""
    },
    {
      "name": "martyn3z",
      "link": "https://github.com/martyn3z"
    }
  ],
  "mk": [
    {
      "name": "LordDeatHunter",
      "link": ""
    }
  ],
  "mr": [],
  "nb": [
    {
      "name": "mikaelkw",
      "link": "https://github.com/mikaelkw"
    },
    {
      "name": "yrjarv",
      "link": "https://github.com/yrjarv"
    }
  ],
  "nl": [
    {
      "name": "abbydiode",
      "link": "https://github.com/abbydiode"
    },
    {
      "name": "CateyeNL",
      "link": "https://github.com/CateyeNL"
    },
    {
      "name": "mia-riezebos",
      "link": "https://github.com/mia-riezebos"
    },
    {
      "name": "Stephan-P",
      "link": "https://github.com/Stephan-P"
    }
  ],
  "nn": [
    {
      "name": "yrjarv",
      "link": "https://github.com/yrjarv"
    }
  ],
  "pl": [
    {
      "name": "GrzegorzKi",
      "link": "https://github.com/GrzegorzKi"
    },
    {
      "name": "H4qu3r",
      "link": "https://github.com/H4qu3r"
    },
    {
      "name": "ikarmus2001",
      "link": "https://github.com/ikarmus2001"
    },
    {
      "name": "juliazero",
      "link": "https://github.com/juliazero"
    },
    {
      "name": "KamilZielinski",
      "link": "https://github.com/KamilZielinski"
    },
    {
      "name": "kwiateusz",
      "link": "https://github.com/kwiateusz"
    },
    {
      "name": "RegularGvy13",
      "link": "https://github.com/RegularGvy13"
    },
    {
      "name": "szumsky",
      "link": "https://github.com/szumsky"
    },
    {
      "name": "ThePhaseless",
      "link": "https://github.com/ThePhaseless"
    }
  ],
  "pt_BR": [
    {
      "name": "maisondasilva",
      "link": "https://github.com/maisondasilva"
    },
    {
      "name": "ppvnf",
      "link": "https://github.com/ppvnf"
    },
    {
      "name": "Rodrigo-Matsuura",
      "link": "https://github.com/Rodrigo-Matsuura"
    },
    {
      "name": "thiagojramos",
      "link": "https://github.com/thiagojramos"
    },
    {
      "name": "wanderleihuttel",
      "link": "https://github.com/wanderleihuttel"
    }
  ],
  "pt_PT": [
    {
      "name": "100Nome",
      "link": "https://github.com/100Nome"
    },
    {
      "name": "PoetaGA",
      "link": "https://github.com/PoetaGA"
    },
    {
      "name": "Putocoroa",
      "link": "https://github.com/Putocoroa"
    },
    {
      "name": "Tiago_Ferreira",
      "link": "https://github.com/Tiago_Ferreira"
    }
  ],
  "ro": [
    {
      "name": "David735453",
      "link": "https://github.com/David735453"
    },
    {
      "name": "lucadsign",
      "link": "https://github.com/lucadsign"
    },
    {
      "name": "SilverGreen93",
      "link": "https://github.com/SilverGreen93"
    },
    {
      "name": "TZACANEL",
      "link": ""
    }
  ],
  "ru": [
    {
      "name": "Alexander",
      "link": ""
    },
    {
      "name": "bropines",
      "link": "https://github.com/bropines"
    },
    {
      "name": "Denisskas",
      "link": "https://github.com/Denisskas"
    },
    {
      "name": "DvladikD",
      "link": "https://github.com/DvladikD"
    },
    {
      "name": "flatron4eg",
      "link": "https://github.com/flatron4eg"
    },
    {
      "name": "Gleb Saygin",
      "link": ""
    },
    {
      "name": "katrovsky",
      "link": "https://github.com/katrovsky"
    },
    {
      "name": "Sergey",
      "link": ""
    },
    {
      "name": "sklart",
      "link": ""
    },
    {
      "name": "solarscream",
      "link": "https://github.com/solarscream"
    },
    {
      "name": "tapnisu",
      "link": "https://github.com/tapnisu"
    }
  ],
  "sa": [
    {
      "name": "skanda890",
      "link": "https://github.com/skanda890"
    }
  ],
  "si": [
    {
      "name": "SashikaSandeepa",
      "link": "https://github.com/SashikaSandeepa"
    },
    {
      "name": "Savithu-s3",
      "link": "https://github.com/Savithu-s3"
    },
    {
      "name": "ttheek",
      "link": "https://github.com/ttheek"
    }
  ],
  "sk": [
    {
      "name": "Luk164",
      "link": "https://github.com/Luk164"
    }
  ],
  "sl": [
    {
      "name": "rumplin",
      "link": "https://github.com/rumplin"
    }
  ],
  "sq": [
    {
      "name": "RDN000",
      "link": "https://github.com/RDN000"
    }
  ],
  "sr": [
    {
      "name": "daVinci13",
      "link": "https://github.com/daVinci13"
    },
    {
      "name": "momcilovicluka",
      "link": "https://github.com/momcilovicluka"
    }
  ],
  "sv": [
    {
      "name": "curudel",
      "link": "https://github.com/curudel"
    },
    {
      "name": "Hi-there-how-are-u",
      "link": "https://github.com/Hi-there-how-are-u"
    },
    {
      "name": "kakmonster",
      "link": "https://github.com/kakmonster"
    },
    {
      "name": "umeaboy",
      "link": "https://github.com/umeaboy"
    }
  ],
  "ta": [
    {
      "name": "nochilli",
      "link": "https://github.com/nochilli"
    }
  ],
  "tg": [
    {
      "name": "lasersPew",
      "link": ""
    },
    {
      "name": "znarfm",
      "link": "https://github.com/znarfm"
    }
  ],
  "th": [
    {
      "name": "apaeisara",
      "link": "https://github.com/apaeisara"
    },
    {
      "name": "dulapahv",
      "link": "https://github.com/dulapahv"
    },
    {
      "name": "hanchain",
      "link": "https://github.com/hanchain"
    },
    {
      "name": "rikoprushka",
      "link": "https://github.com/rikoprushka"
    },
    {
      "name": "vestearth",
      "link": "https://github.com/vestearth"
    }
  ],
  "tr": [
    {
      "name": "ahmetozmtn",
      "link": "https://github.com/ahmetozmtn"
    },
    {
      "name": "dogancanyr @anzeralp",
      "link": "https://github.com/dogancanyr @anzeralp"
    },
    {
      "name": "gokberkgs",
      "link": "https://github.com/gokberkgs"
    }
  ],
  "ua": [
    {
      "name": "Alex Logvin",
      "link": ""
    },
    {
      "name": "Artem Moldovanenko",
      "link": ""
    },
    {
      "name": "Operator404",
      "link": ""
    },
    {
      "name": "Taron-art",
      "link": "https://github.com/Taron-art"
    }
  ],
  "ur": [
    {
      "name": "digitio",
      "link": "https://github.com/digitio"
    },
    {
      "name": "digitpk",
      "link": "https://github.com/digitpk"
    },
    {
      "name": "hamzaharoon1314",
      "link": "https://github.com/hamzaharoon1314"
    }
  ],
  "vi": [
    {
      "name": "aethervn2309",
      "link": "https://github.com/aethervn2309"
    },
    {
      "name": "legendsjoon",
      "link": "https://github.com/legendsjoon"
    },
    {
      "name": "txavlog",
      "link": "https://github.com/txavlog"
    },
    {
      "name": "vanlongluuly",
      "link": "https://github.com/vanlongluuly"
    }
  ],
  "zh_CN": [
    {
      "name": "Aaron Liu",
      "link": ""
    },
    {
      "name": "adfnekc",
      "link": ""
    },
    {
      "name": "Ardenet",
      "link": "https://github.com/Ardenet"
    },
    {
      "name": "arthurfsy2",
      "link": "https://github.com/arthurfsy2"
    },
    {
      "name": "bai0012",
      "link": "https://github.com/bai0012"
    },
    {
      "name": "BUGP Association",
      "link": ""
    },
    {
      "name": "ciaran",
      "link": ""
    },
    {
      "name": "CnYeSheng",
      "link": ""
    },
    {
      "name": "Cololi",
      "link": ""
    },
    {
      "name": "dongfengweixiao",
      "link": "https://github.com/dongfengweixiao"
    },
    {
      "name": "enKl03B",
      "link": "https://github.com/enKl03B"
    },
    {
      "name": "seanyu0",
      "link": "https://github.com/seanyu0"
    },
    {
      "name": "Sigechaishijie",
      "link": "https://github.com/Sigechaishijie"
    },
    {
      "name": "SpaceTimee",
      "link": "https://github.com/SpaceTimee"
    },
    {
      "name": "xiaopangju",
      "link": "https://github.com/xiaopangju"
    },
    {
      "name": "Yisme",
      "link": ""
    }
  ],
  "zh_TW": [
    {
      "name": "Aaron Liu",
      "link": ""
    },
    {
      "name": "CnYeSheng",
      "link": ""
    },
    {
      "name": "Cololi",
      "link": ""
    },
    {
      "name": "enKl03B",
      "link": "https://github.com/enKl03B"
    },
    {
      "name": "Henryliu880922",
      "link": "https://github.com/Henryliu880922"
    },
    {
      "name": "StarsShine11904",
      "link": "https://github.com/StarsShine11904"
    },
    {
      "name": "yrctw",
      "link": "https://github.com/yrctw"
    }
  ]
}